,Bäckerei,URL,Gemeinde,Kanton
0,Bäckerei zur Kettenbrücke M. Leutwiler,https://ag.chregister.ch/cr-portal/auszug/zefix.xhtml?uid=CHE-107.083.298&lang=de,Aarau,AG - Aargau
1,"Bäckerei, Konditorei Fahrni",https://be.chregister.ch/cr-portal/auszug/zefix.xhtml?uid=CHE-107.180.240&lang=de,Dotzigen,BE - Bern
2,"Bäckerei, Konditorei Winter, Ilic Milovan",https://zh.chregister.ch/cr-portal/auszug/zefix.xhtml?uid=CHE-189.036.773&lang=de,Adliswil,ZH - Zürich
3,"Bäckerei, Konditorei, Café ""Zum Steinenen Trauben"" Walz",https://sh.chregister.ch/cr-portal/auszug/zefix.xhtml?uid=CHE-106.833.950&lang=de,Stein am Rhein,SH - Schaffhausen
4,"Bäckerei, Konditorei, Confiserie Mock",https://bs.chregister.ch/cr-portal/auszug/zefix.xhtml?uid=CHE-110.597.445&lang=de,Basel,BS - Basel-Stadt
5,"Bäckerei, Konditorei, Lebensmittel E. Fahrni",https://be.chregister.ch/cr-portal/auszug/zefix.xhtml?uid=CHE-105.384.814&lang=de,Sigriswil,BE - Bern
6,"Bäckerei, Tea-Room und Garni Imseng",https://vo.chregister.ch/cr-portal/auszug/zefix.xhtml?uid=CHE-106.986.387&lang=de,Saas-Fee,VS - Brig (Oberwallis)
7,Bäckerei-Café Betschart,https://zh.chregister.ch/cr-portal/auszug/zefix.xhtml?uid=CHE-115.764.041&lang=de,Bonstetten,ZH - Zürich
8,Bäckerei-Café Kohler AG,https://ag.chregister.ch/cr-portal/auszug/zefix.xhtml?uid=CHE-214.578.660&lang=de,Hunzenschwil,AG - Aargau
9,Bäckerei-Café Meyer AG,https://lu.chregister.ch/cr-portal/auszug/zefix.xhtml?uid=CHE-112.409.371&lang=de,Hitzkirch,LU - Luzern
10,Bäckerei-Konditorei Hirt,https://ag.chregister.ch/cr-portal/auszug/zefix.xhtml?uid=CHE-108.035.907&lang=de,Bözberg,AG - Aargau
11,Bäckerei-Konditorei Hollenstein,https://zh.chregister.ch/cr-portal/auszug/zefix.xhtml?uid=CHE-107.166.984&lang=de,Seuzach,ZH - Zürich
12,Bäckerei-Konditorei Holliger,https://be.chregister.ch/cr-portal/auszug/zefix.xhtml?uid=CHE-107.178.421&lang=de,Biel/Bienne,BE - Bern
13,Bäckerei-Konditorei Huber,https://ag.chregister.ch/cr-portal/auszug/zefix.xhtml?uid=CHE-107.137.089&lang=de,Oberwil-Lieli,AG - Aargau
14,Bäckerei-Konditorei Huber,https://be.chregister.ch/cr-portal/auszug/zefix.xhtml?uid=CHE-107.232.428&lang=de,Sumiswald,BE - Bern
15,Bäckerei-Konditorei Hugo Ebener,https://vo.chregister.ch/cr-portal/auszug/zefix.xhtml?uid=CHE-109.289.787&lang=de,Kippel,VS - Brig (Oberwallis)
16,Bäckerei-Konditorei Ingold,https://so.chregister.ch/cr-portal/auszug/zefix.xhtml?uid=CHE-319.177.518&lang=de,Lüterkofen-Ichertswil,SO - Solothurn
17,Bäckerei-Konditorei Jenni,https://be.chregister.ch/cr-portal/auszug/zefix.xhtml?uid=CHE-105.152.534&lang=de,Gals,BE - Bern
18,Bäckerei-Konditorei Josef Kreyenbühl,https://lu.chregister.ch/cr-portal/auszug/zefix.xhtml?uid=CHE-105.802.510&lang=de,Luzern,LU - Luzern
19,Bäckerei-Konditorei Jung (Beck Jung),https://sg.chregister.ch/cr-portal/auszug/zefix.xhtml?uid=CHE-470.719.009&lang=de,Kirchberg (SG),SG - St. Gallen
20,Bäckerei-Konditorei Waeber GmbH,https://adm.appls.fr.ch/hrcmatic/hrcintapp/externalCompanyReport.action?companyOfrcId13=CH-217-3535242-1&ofrcLanguage=4,Fribourg,FR - Fribourg
21,Bäckerei-Konditorei Wegmüller,https://be.chregister.ch/cr-portal/auszug/zefix.xhtml?uid=CHE-110.572.735&lang=de,Oberdiessbach,BE - Bern
22,Bäckerei-Konditorei Widmer,https://be.chregister.ch/cr-portal/auszug/zefix.xhtml?uid=CHE-114.265.166&lang=de,Krattigen,BE - Bern
23,Bäckerei-Konditorei Widmer AG,https://zh.chregister.ch/cr-portal/auszug/zefix.xhtml?uid=CHE-105.747.733&lang=de,Langnau am Albis,ZH - Zürich
24,Bäckerei-Konditorei Wirth,https://ag.chregister.ch/cr-portal/auszug/zefix.xhtml?uid=CHE-268.364.717&lang=de,Niederwil (AG),AG - Aargau
25,"Bäckerei-Konditorei zum Brotegge, M. Godderidge",https://be.chregister.ch/cr-portal/auszug/zefix.xhtml?uid=CHE-109.966.346&lang=de,Lenk,BE - Bern
26,"Bäckerei-Konditorei, Tea-Room Spatz, Amstutz",https://be.chregister.ch/cr-portal/auszug/zefix.xhtml?uid=CHE-108.555.489&lang=de,Steffisburg,BE - Bern
27,"Bäckerei-Konditorei, Theodor Rathgeb",https://zh.chregister.ch/cr-portal/auszug/zefix.xhtml?uid=CHE-112.646.103&lang=de,Bauma,ZH - Zürich
28,Bäckerei-Konditorei-Café Botti GmbH,https://tg.chregister.ch/cr-portal/auszug/zefix.xhtml?uid=CHE-141.952.134&lang=de,Sirnach,TG - Thurgau
29,"Bäckerei-Konditorei-Café Brötie, Nachfolger Ulrich Käser",https://be.chregister.ch/cr-portal/auszug/zefix.xhtml?uid=CHE-109.455.086&lang=de,Thun,BE - Bern
30,Bäckerei-Konditorei-Café Moos Fabienne GmbH,https://lu.chregister.ch/cr-portal/auszug/zefix.xhtml?uid=CHE-209.788.536&lang=de,Luzern,LU - Luzern
31,Bäckerei-Konditorei-Café Mor GmbH,https://ag.chregister.ch/cr-portal/auszug/zefix.xhtml?uid=CHE-110.641.098&lang=de,Villnachern,AG - Aargau
32,Bäckerei-Konditorei-Café P. Signer,https://gr.chregister.ch/cr-portal/auszug/zefix.xhtml?uid=CHE-108.076.272&lang=de,Zizers,GR - Graubünden
33,Bäckerei-Konditorei-Café Ringgenberg GmbH,https://be.chregister.ch/cr-portal/auszug/zefix.xhtml?uid=CHE-165.612.999&lang=de,Grindelwald,BE - Bern
34,Bäckerei-Konditorei-Café Schulz & Co.,https://ag.chregister.ch/cr-portal/auszug/zefix.xhtml?uid=CHE-357.846.160&lang=de,Reinach (AG),AG - Aargau
35,Bäckerei-Konditorei-Café Weber AG,https://gr.chregister.ch/cr-portal/auszug/zefix.xhtml?uid=CHE-231.254.678&lang=de,Davos,GR - Graubünden
36,Bäckerei-Konditorei-Confiserie Erni,https://lu.chregister.ch/cr-portal/auszug/zefix.xhtml?uid=CHE-114.518.114&lang=de,Ruswil,LU - Luzern
37,Bäckerei-Konditorei-Confiserie Gfeller AG,https://ag.chregister.ch/cr-portal/auszug/zefix.xhtml?uid=CHE-479.879.777&lang=de,Klingnau,AG - Aargau
38,Bäckerei-Konditorei-Confiserie Krebs,https://bs.chregister.ch/cr-portal/auszug/zefix.xhtml?uid=CHE-107.732.458&lang=de,Basel,BS - Basel-Stadt
39,"Bäckerei-Konditorei-Confiserie Schläpfer, Inhaber Emil Knöpfel",https://ar.chregister.ch/cr-portal/auszug/zefix.xhtml?uid=CHE-114.582.253&lang=de,Herisau,AR - Appenzell A. Rh.
40,"Bäckerei-Konditorei Karl Wüthrich, Café Cat",https://be.chregister.ch/cr-portal/auszug/zefix.xhtml?uid=CHE-108.763.757&lang=de,Köniz,BE - Bern
41,"Bäckerei-Konditorei Kistler, Inhaber Bruno Schirmer",https://sz.chregister.ch/cr-portal/auszug/zefix.xhtml?uid=CHE-110.574.898&lang=de,Reichenburg,SZ - Schwyz
42,"Bäckerei-Konditorei Kistler, Inhaber Bruno Schirmer",https://sg.chregister.ch/cr-portal/auszug/zefix.xhtml?uid=CHE-252.198.241&lang=de,Benken (SG),SG - St. Gallen
43,"Bäckerei-Konditorei Knuchel, Inhaber H. Bichsel",https://be.chregister.ch/cr-portal/auszug/zefix.xhtml?uid=CHE-101.363.291&lang=de,Bätterkinden,BE - Bern
44,Bäckerei-Konditorei Köchli,https://ag.chregister.ch/cr-portal/auszug/zefix.xhtml?uid=CHE-107.109.880&lang=de,Waltenschwil,AG - Aargau
45,Bäckerei-Konditorei Krenger,https://be.chregister.ch/cr-portal/auszug/zefix.xhtml?uid=CHE-237.658.100&lang=de,Bolligen,BE - Bern
46,Bäckerei-Konditorei Kreyenbühl,https://ag.chregister.ch/cr-portal/auszug/zefix.xhtml?uid=CHE-106.805.586&lang=de,Muri (AG),AG - Aargau
47,Bäckerei-Konditorei Lehmann AG,https://ag.chregister.ch/cr-portal/auszug/zefix.xhtml?uid=CHE-357.408.647&lang=de,Schinznach,AG - Aargau
48,Bäckerei-Konditorei Markus Bartlome,https://be.chregister.ch/cr-portal/auszug/zefix.xhtml?uid=CHE-107.182.262&lang=de,Hindelbank,BE - Bern
49,Bäckerei-Konditorei Markus Zimmermann,https://so.chregister.ch/cr-portal/auszug/zefix.xhtml?uid=CHE-106.933.439&lang=de,Obergösgen,SO - Solothurn
50,Bäckerei-Café Willy Egli AG,https://be.chregister.ch/cr-portal/auszug/zefix.xhtml?uid=CHE-112.806.720&lang=de,Thun,BE - Bern
51,Bäckerei-Café Zulauf AG,https://be.chregister.ch/cr-portal/auszug/zefix.xhtml?uid=CHE-106.317.341&lang=de,Roggwil (BE),BE - Bern
52,Bäckerei-Conditorei Fleischli AG,https://zh.chregister.ch/cr-portal/auszug/zefix.xhtml?uid=CHE-432.152.024&lang=de,Niederglatt,ZH - Zürich
53,Bäckerei-Conditorei Hinder,https://sg.chregister.ch/cr-portal/auszug/zefix.xhtml?uid=CHE-107.288.423&lang=de,Nesslau,SG - St. Gallen
54,Bäckerei-Conditorei Köfler,https://gr.chregister.ch/cr-portal/auszug/zefix.xhtml?uid=CHE-107.526.769&lang=de,Andeer,GR - Graubünden
55,Bäckerei-Conditorei W. Moosberger,https://ag.chregister.ch/cr-portal/auszug/zefix.xhtml?uid=CHE-105.778.797&lang=de,Möriken-Wildegg,AG - Aargau
56,Bäckerei-Confiserie Koch AG,https://lu.chregister.ch/cr-portal/auszug/zefix.xhtml?uid=CHE-161.261.085&lang=de,Hochdorf,LU - Luzern
57,Bäckerei-Confiserie Richner AG,https://ag.chregister.ch/cr-portal/auszug/zefix.xhtml?uid=CHE-289.307.116&lang=de,Veltheim (AG),AG - Aargau
58,Bäckerei-Confiserie Widmer,https://gr.chregister.ch/cr-portal/auszug/zefix.xhtml?uid=CHE-427.352.818&lang=de,Arosa,GR - Graubünden
59,Bäckerei-Confiserie Woodtli & Weber,https://be.chregister.ch/cr-portal/auszug/zefix.xhtml?uid=CHE-110.497.915&lang=de,Kirchberg (BE),BE - Bern
60,Bäckerei Konditorei Café Meier,https://bs.chregister.ch/cr-portal/auszug/zefix.xhtml?uid=CHE-193.500.199&lang=de,Basel,BS - Basel-Stadt
61,Bäckerei Konditorei Confiserie Haas,https://ag.chregister.ch/cr-portal/auszug/zefix.xhtml?uid=CHE-114.448.583&lang=de,Oberlunkhofen,AG - Aargau
62,Bäckerei Konditorei Confiserie Schillig GmbH,https://ur.chregister.ch/cr-portal/auszug/zefix.xhtml?uid=CHE-278.962.802&lang=de,Bürglen (UR),UR - Uri
63,Bäckerei Konditorei Confiserie Wick AG,https://sg.chregister.ch/cr-portal/auszug/zefix.xhtml?uid=CHE-110.195.673&lang=de,Rapperswil-Jona,SG - St. Gallen
64,Bäckerei Konditorei Dörig,https://sg.chregister.ch/cr-portal/auszug/zefix.xhtml?uid=CHE-107.266.918&lang=de,Oberbüren,SG - St. Gallen
65,"Bäckerei Konditorei Fahrni, Nachfolger Heinz Geissbühler",https://be.chregister.ch/cr-portal/auszug/zefix.xhtml?uid=CHE-276.039.461&lang=de,Thun,BE - Bern
66,Bäckerei Konditorei Gabriel AG,https://gr.chregister.ch/cr-portal/auszug/zefix.xhtml?uid=CHE-361.794.690&lang=de,Breil/Brigels,GR - Graubünden
67,Bäckerei Konditorei Graber,https://be.chregister.ch/cr-portal/auszug/zefix.xhtml?uid=CHE-113.643.314&lang=de,Aeschi bei Spiez,BE - Bern
68,Bäckerei Konditorei Grossenbacher AG,https://be.chregister.ch/cr-portal/auszug/zefix.xhtml?uid=CHE-166.810.220&lang=de,Jegenstorf,BE - Bern
69,Bäckerei Konditorei Gut,https://zh.chregister.ch/cr-portal/auszug/zefix.xhtml?uid=CHE-152.889.089&lang=de,Marthalen,ZH - Zürich
70,"Bäckerei/Konditorei Muri's Produkte, Williner Moritz",https://vo.chregister.ch/cr-portal/auszug/zefix.xhtml?uid=CHE-143.726.755&lang=de,Grächen,VS - Brig (Oberwallis)
71,Bäckereiservice Hunkeler,https://ag.chregister.ch/cr-portal/auszug/zefix.xhtml?uid=CHE-110.602.224&lang=de,Niederwil (AG),AG - Aargau
72,Bäckerei-Konditorei Peter Müller,https://lu.chregister.ch/cr-portal/auszug/zefix.xhtml?uid=CHE-107.242.705&lang=de,Luzern,LU - Luzern
73,Bäckerei-Konditorei R. Lüchinger,https://sg.chregister.ch/cr-portal/auszug/zefix.xhtml?uid=CHE-107.294.027&lang=de,Oberriet (SG),SG - St. Gallen
74,Bäckerei-Konditorei Rappo GmbH,https://adm.appls.fr.ch/hrcmatic/hrcintapp/externalCompanyReport.action?companyOfrcId13=CH-217-3550200-3&ofrcLanguage=4,Plasselb,FR - Fribourg
75,Bäckerei-Konditorei Reichmuth,https://gl.chregister.ch/cr-portal/auszug/zefix.xhtml?uid=CHE-106.897.306&lang=de,Glarus,GL - Glarus
76,Bäckerei-Konditorei Robert Genter,https://zh.chregister.ch/cr-portal/auszug/zefix.xhtml?uid=CHE-106.937.199&lang=de,Embrach,ZH - Zürich
77,Bäckerei-Konditorei Rosenegg Arturo Egidio-Bühler,https://lu.chregister.ch/cr-portal/auszug/zefix.xhtml?uid=CHE-110.098.113&lang=de,Ballwil,LU - Luzern
78,Bäckerei-Konditorei Röthlisberger,https://be.chregister.ch/cr-portal/auszug/zefix.xhtml?uid=CHE-115.832.168&lang=de,Köniz,BE - Bern
79,Bäckerei-Konditorei Rothus Inhaber Adolf Stieger,https://sg.chregister.ch/cr-portal/auszug/zefix.xhtml?uid=CHE-107.297.356&lang=de,Oberriet (SG),SG - St. Gallen
80,Bäckerei-Konditorei Schambron,https://sg.chregister.ch/cr-portal/auszug/zefix.xhtml?uid=CHE-108.221.344&lang=de,Ebnat-Kappel,SG - St. Gallen
81,Bäckerei-Konditorei Schär,https://be.chregister.ch/cr-portal/auszug/zefix.xhtml?uid=CHE-105.800.209&lang=de,Huttwil,BE - Bern
82,Bäckerei-Konditorei Merz AG,https://lu.chregister.ch/cr-portal/auszug/zefix.xhtml?uid=CHE-106.505.983&lang=de,Luzern,LU - Luzern
83,Bäckerei-Konditorei Meyer KlG,https://be.chregister.ch/cr-portal/auszug/zefix.xhtml?uid=CHE-453.139.911&lang=de,Brügg,BE - Bern
84,Bäckerei-Konditorei Mischler,https://so.chregister.ch/cr-portal/auszug/zefix.xhtml?uid=CHE-109.834.874&lang=de,Selzach,SO - Solothurn
85,Bäckerei-Konditorei Möckli,https://tg.chregister.ch/cr-portal/auszug/zefix.xhtml?uid=CHE-107.076.387&lang=de,Basadingen-Schlattingen,TG - Thurgau
86,Bäckerei-Konditorei Montanari GmbH,https://zh.chregister.ch/cr-portal/auszug/zefix.xhtml?uid=CHE-459.143.377&lang=de,Wetzikon (ZH),ZH - Zürich
87,Bäckerei-Konditorei Niederberger-Giger,https://bl.chregister.ch/cr-portal/auszug/zefix.xhtml?uid=CHE-105.913.902&lang=de,Laufen,BL - Basel-Landschaft
88,Bäckerei-Konditorei Niffeler AG,https://sg.chregister.ch/cr-portal/auszug/zefix.xhtml?uid=CHE-107.270.860&lang=de,Uzwil,SG - St. Gallen
89,Bäckerei-Konditorei Nyffenegger,https://tg.chregister.ch/cr-portal/auszug/zefix.xhtml?uid=CHE-115.604.526&lang=de,Matzingen,TG - Thurgau
90,Bäckerei-Konditorei Oswald AG,https://sg.chregister.ch/cr-portal/auszug/zefix.xhtml?uid=CHE-107.255.352&lang=de,Kirchberg (SG),SG - St. Gallen
91,Bäckerei-Konditorei P. Hirsbrunner,https://be.chregister.ch/cr-portal/auszug/zefix.xhtml?uid=CHE-106.153.789&lang=de,Thun,BE - Bern
92,Bäckerei-Konditorei-Confiserie von Rotz GmbH,https://zg.chregister.ch/cr-portal/auszug/zefix.xhtml?uid=CHE-100.362.082&lang=de,Cham,ZG - Zug
93,Bäckerei-Konditorei-Confiserie von Rotz GmbH,https://zg.chregister.ch/cr-portal/auszug/zefix.xhtml?uid=CHE-257.993.292&lang=de,Steinhausen,ZG - Zug
94,Bäckerei-Konditorei-Confiserie-Café Haueter,https://be.chregister.ch/cr-portal/auszug/zefix.xhtml?uid=CHE-157.338.603&lang=de,Adelboden,BE - Bern
95,Bäckerei-Konditorei-Confiserie-Tea Room M. + A. Leiser,https://ag.chregister.ch/cr-portal/auszug/zefix.xhtml?uid=CHE-356.575.515&lang=de,Suhr,AG - Aargau
96,Bäckerei-Konditorei-Lebensmittel Hugo Gutjahr,https://be.chregister.ch/cr-portal/auszug/zefix.xhtml?uid=CHE-105.888.724&lang=de,Seedorf (BE),BE - Bern
97,Bäckerei-Konditorei-Restaurant Brändle z. Rössli,https://sg.chregister.ch/cr-portal/auszug/zefix.xhtml?uid=CHE-105.806.583&lang=de,Mosnang,SG - St. Gallen
98,"Bäckerei-Lebensmittel, M. Fausch",https://gr.chregister.ch/cr-portal/auszug/zefix.xhtml?uid=CHE-107.777.260&lang=de,Seewis im Prättigau,GR - Graubünden
99,Bäckerei-Restaurant 'Chutze' AG,https://be.chregister.ch/cr-portal/auszug/zefix.xhtml?uid=CHE-105.862.630&lang=de,Bremgarten bei Bern,BE - Bern
100,Bäckerei-Restaurant Füger GmbH,https://sg.chregister.ch/cr-portal/auszug/zefix.xhtml?uid=CHE-105.804.561&lang=de,Mörschwil,SG - St. Gallen
101,Bäckerei-Tea-Room Arnold,https://vo.chregister.ch/cr-portal/auszug/zefix.xhtml?uid=CHE-393.342.760&lang=de,Simplon,VS - Brig (Oberwallis)
102,Bäckerei Kaffee Spontan GmbH,https://be.chregister.ch/cr-portal/auszug/zefix.xhtml?uid=CHE-234.076.108&lang=de,Mühleberg,BE - Bern
103,Bäckerei Kafi Berlinge Nüesch,https://tg.chregister.ch/cr-portal/auszug/zefix.xhtml?uid=CHE-229.442.348&lang=de,Berlingen,TG - Thurgau
104,Bäckerei Kast AG,https://ar.chregister.ch/cr-portal/auszug/zefix.xhtml?uid=CHE-106.848.555&lang=de,Reute (AR),AR - Appenzell A. Rh.
105,Bäckerei Knobel GmbH,https://sz.chregister.ch/cr-portal/auszug/zefix.xhtml?uid=CHE-108.640.735&lang=de,Tuggen,SZ - Schwyz
106,Bäckerei Koller GmbH,https://ar.chregister.ch/cr-portal/auszug/zefix.xhtml?uid=CHE-107.068.399&lang=de,Teufen (AR),AR - Appenzell A. Rh.
107,Bäckerei Konditorei Adula GmbH,https://gr.chregister.ch/cr-portal/auszug/zefix.xhtml?uid=CHE-145.311.649&lang=de,Tujetsch,GR - Graubünden
108,Bäckerei Konditorei Albert Fähndrich,https://ag.chregister.ch/cr-portal/auszug/zefix.xhtml?uid=CHE-107.469.657&lang=de,Sins,AG - Aargau
109,Bäckerei Konditorei Bachmann GmbH,https://sg.chregister.ch/cr-portal/auszug/zefix.xhtml?uid=CHE-391.154.650&lang=de,Rheineck,SG - St. Gallen
110,Bäckerei Konditorei Bruderer AG,https://be.chregister.ch/cr-portal/auszug/zefix.xhtml?uid=CHE-265.591.932&lang=de,Wichtrach,BE - Bern
111,BÄCKEREI KONDITOREI CAFÉ HAUSAMMANN,https://zh.chregister.ch/cr-portal/auszug/zefix.xhtml?uid=CHE-109.384.807&lang=de,Zürich,ZH - Zürich
112,Bäckerei-Konditorei Ch. + I. Muralt,https://be.chregister.ch/cr-portal/auszug/zefix.xhtml?uid=CHE-105.751.657&lang=de,Ostermundigen,BE - Bern
113,Bäckerei-Konditorei Daniel Brunner,https://zh.chregister.ch/cr-portal/auszug/zefix.xhtml?uid=CHE-112.128.512&lang=de,Uster,ZH - Zürich
114,Bäckerei-Konditorei Dänzer GmbH,https://be.chregister.ch/cr-portal/auszug/zefix.xhtml?uid=CHE-105.591.342&lang=de,Ostermundigen,BE - Bern
115,Bäckerei-Konditorei Doris Nüssli,https://zh.chregister.ch/cr-portal/auszug/zefix.xhtml?uid=CHE-106.967.585&lang=de,Illnau-Effretikon,ZH - Zürich
116,Bäckerei-Konditorei Eberle AG,https://sg.chregister.ch/cr-portal/auszug/zefix.xhtml?uid=CHE-359.547.656&lang=de,Wil (SG),SG - St. Gallen
117,"Bäckerei-Konditorei Eggen, T. Manetsch-Lutz",https://be.chregister.ch/cr-portal/auszug/zefix.xhtml?uid=CHE-107.988.549&lang=de,Reutigen,BE - Bern
118,Bäckerei-Konditorei Emmenegger GmbH,https://lu.chregister.ch/cr-portal/auszug/zefix.xhtml?uid=CHE-400.182.498&lang=de,Hasle (LU),LU - Luzern
119,Bäckerei-Konditorei Esther Reinbold-Friedli,https://be.chregister.ch/cr-portal/auszug/zefix.xhtml?uid=CHE-114.402.718&lang=de,Rohrbach,BE - Bern
120,Bäckerei-Konditorei Forrer,https://sg.chregister.ch/cr-portal/auszug/zefix.xhtml?uid=CHE-107.972.666&lang=de,Ebnat-Kappel,SG - St. Gallen
121,Bäckerei-Konditorei Frei AG,https://ag.chregister.ch/cr-portal/auszug/zefix.xhtml?uid=CHE-109.472.587&lang=de,Obersiggenthal,AG - Aargau
122,Bäckerei-Konditorei Fuchs,https://sg.chregister.ch/cr-portal/auszug/zefix.xhtml?uid=CHE-107.291.997&lang=de,Diepoldsau,SG - St. Gallen
123,Bäckerei-Konditorei Funk GmbH,https://tg.chregister.ch/cr-portal/auszug/zefix.xhtml?uid=CHE-112.297.818&lang=de,Egnach,TG - Thurgau
124,Bäckerei-Konditorei Gasser,https://lu.chregister.ch/cr-portal/auszug/zefix.xhtml?uid=CHE-109.602.890&lang=de,Malters,LU - Luzern
125,"Bäckerei-Konditorei Gasser, Nachfolger N. Lio",https://ag.chregister.ch/cr-portal/auszug/zefix.xhtml?uid=CHE-107.072.679&lang=de,Suhr,AG - Aargau
126,Bäckerei-Konditorei Gerig GmbH,https://ar.chregister.ch/cr-portal/auszug/zefix.xhtml?uid=CHE-384.599.165&lang=de,Urnäsch,AR - Appenzell A. Rh.
127,Bäckerei-Konditorei Gutjahr GmbH,https://be.chregister.ch/cr-portal/auszug/zefix.xhtml?uid=CHE-358.805.637&lang=de,Seedorf (BE),BE - Bern
128,Bäckerei-Konditorei Gysi AG,https://ag.chregister.ch/cr-portal/auszug/zefix.xhtml?uid=CHE-217.477.469&lang=de,Zetzwil,AG - Aargau
129,Bäckerei-Konditorei Habegger,https://be.chregister.ch/cr-portal/auszug/zefix.xhtml?uid=CHE-235.581.633&lang=de,Trubschachen,BE - Bern
130,Bäckerei-Konditorei Hächler AG,https://ag.chregister.ch/cr-portal/auszug/zefix.xhtml?uid=CHE-481.662.744&lang=de,Seengen,AG - Aargau
131,Bäckerei-Konditorei Haller AG,https://ag.chregister.ch/cr-portal/auszug/zefix.xhtml?uid=CHE-278.066.115&lang=de,Lenzburg,AG - Aargau
132,Bäckerei-Konditorei Bieri Alfred,https://be.chregister.ch/cr-portal/auszug/zefix.xhtml?uid=CHE-105.986.692&lang=de,Erlenbach im Simmental,BE - Bern
133,Bäckerei-Konditorei Bolliger,https://zh.chregister.ch/cr-portal/auszug/zefix.xhtml?uid=CHE-112.752.219&lang=de,Hinwil,ZH - Zürich
134,Bäckerei-Konditorei Borer GmbH,https://so.chregister.ch/cr-portal/auszug/zefix.xhtml?uid=CHE-388.691.628&lang=de,Dulliken,SO - Solothurn
135,Bäckerei-Konditorei Börner,https://zh.chregister.ch/cr-portal/auszug/zefix.xhtml?uid=CHE-110.352.599&lang=de,Winterthur,ZH - Zürich
136,Bäckerei-Konditorei Bruno und Beatrice Reinle,https://be.chregister.ch/cr-portal/auszug/zefix.xhtml?uid=CHE-107.192.119&lang=de,Interlaken,BE - Bern
137,Bäckerei-Konditorei Bumann AG,https://vo.chregister.ch/cr-portal/auszug/zefix.xhtml?uid=CHE-266.271.430&lang=de,Saas-Fee,VS - Brig (Oberwallis)
138,Bäckerei-Konditorei Bürgin GmbH,https://tg.chregister.ch/cr-portal/auszug/zefix.xhtml?uid=CHE-355.236.938&lang=de,Kreuzlingen,TG - Thurgau
139,Bäckerei-Konditorei Bütler,https://ag.chregister.ch/cr-portal/auszug/zefix.xhtml?uid=CHE-115.969.749&lang=de,Muri (AG),AG - Aargau
140,Bäckerei-Konditorei Café La Bohème GmbH,https://vo.chregister.ch/cr-portal/auszug/zefix.xhtml?uid=CHE-109.502.610&lang=de,Leukerbad,VS - Brig (Oberwallis)
141,Bäckerei-Konditorei Café Schweizer & Co.,https://sg.chregister.ch/cr-portal/auszug/zefix.xhtml?uid=CHE-310.996.906&lang=de,Wildhaus-Alt St. Johann,SG - St. Gallen
142,"Bäckerei/Konditorei Muri's Produkte, Williner Moritz",https://vo.chregister.ch/cr-portal/auszug/zefix.xhtml?uid=CHE-143.726.755&lang=de,Grächen,VS - Brig (Oberwallis)
143,Bäckereiservice Hunkeler,https://ag.chregister.ch/cr-portal/auszug/zefix.xhtml?uid=CHE-110.602.224&lang=de,Niederwil (AG),AG - Aargau
144,Bäckerei-Confiserie-Café Kuhnen GmbH,https://be.chregister.ch/cr-portal/auszug/zefix.xhtml?uid=CHE-107.208.476&lang=de,Lenk,BE - Bern
145,Bäckerei-Konditorei & Café Pascal Dobler,https://zh.chregister.ch/cr-portal/auszug/zefix.xhtml?uid=CHE-423.821.599&lang=de,Richterswil,ZH - Zürich
146,Bäckerei-Konditorei & Café Vogel GmbH,https://sz.chregister.ch/cr-portal/auszug/zefix.xhtml?uid=CHE-113.466.242&lang=de,Küssnacht (SZ),SZ - Schwyz
147,Bäckerei-Konditorei A. Zuber AG,https://vo.chregister.ch/cr-portal/auszug/zefix.xhtml?uid=CHE-332.997.417&lang=de,Stalden (VS),VS - Brig (Oberwallis)
148,Bäckerei-Konditorei Aebersold-Baumann,https://be.chregister.ch/cr-portal/auszug/zefix.xhtml?uid=CHE-107.229.857&lang=de,Unterlangenegg,BE - Bern
149,Bäckerei-Konditorei Aegerter AG,https://be.chregister.ch/cr-portal/auszug/zefix.xhtml?uid=CHE-286.022.924&lang=de,Köniz,BE - Bern
150,Bäckerei-Konditorei Alt,https://ag.chregister.ch/cr-portal/auszug/zefix.xhtml?uid=CHE-105.776.284&lang=de,Endingen,AG - Aargau
151,Bäckerei-Konditorei B. Kindler + B. Hiltbrunner,https://be.chregister.ch/cr-portal/auszug/zefix.xhtml?uid=CHE-105.408.656&lang=de,Konolfingen,BE - Bern
152,"Bäckerei-Konditorei Beck Beck, Inh. H. Gmür",https://sg.chregister.ch/cr-portal/auszug/zefix.xhtml?uid=CHE-106.057.387&lang=de,St. Gallen,SG - St. Gallen
153,Bäckerei-Konditorei Bergamin,https://nw.chregister.ch/cr-portal/auszug/zefix.xhtml?uid=CHE-105.741.067&lang=de,Buochs,NW - Nidwalden
154,Bäckerei Bohnenblust AG,https://be.chregister.ch/cr-portal/auszug/zefix.xhtml?uid=CHE-472.136.586&lang=de,Bern,BE - Bern
155,Bäckerei Bosshart,https://zh.chregister.ch/cr-portal/auszug/zefix.xhtml?uid=CHE-107.161.923&lang=de,Brütten,ZH - Zürich
156,Bäckerei Brotbrösmeli GmbH,https://adm.appls.fr.ch/hrcmatic/hrcintapp/externalCompanyReport.action?companyOfrcId13=CH-217-3544112-4&ofrcLanguage=4,Ueberstorf,FR - Fribourg
157,Bäckerei Bruhin,https://sz.chregister.ch/cr-portal/auszug/zefix.xhtml?uid=CHE-105.739.461&lang=de,Schübelbach,SZ - Schwyz
158,Bäckerei Brunner AG,https://lu.chregister.ch/cr-portal/auszug/zefix.xhtml?uid=CHE-427.231.072&lang=de,Dierikon,LU - Luzern
159,Bäckerei Bumann,https://bs.chregister.ch/cr-portal/auszug/zefix.xhtml?uid=CHE-107.737.622&lang=de,Basel,BS - Basel-Stadt
160,Bäckerei Bürgi,https://ag.chregister.ch/cr-portal/auszug/zefix.xhtml?uid=CHE-107.974.783&lang=de,Lengnau (AG),AG - Aargau
161,Bäckerei Café Brioche AG,https://lu.chregister.ch/cr-portal/auszug/zefix.xhtml?uid=CHE-113.716.054&lang=de,Eschenbach (LU),LU - Luzern
162,Bäckerei Café Herger Max GmbH,https://ur.chregister.ch/cr-portal/auszug/zefix.xhtml?uid=CHE-109.538.921&lang=de,Schattdorf,UR - Uri
163,Bäckerei Caffè Latte Teneqëja,https://zh.chregister.ch/cr-portal/auszug/zefix.xhtml?uid=CHE-413.304.753&lang=de,Zürich,ZH - Zürich
164,Bäckerei Konditorei Singaraja Sivaji Philip Manohara,https://bs.chregister.ch/cr-portal/auszug/zefix.xhtml?uid=CHE-109.987.130&lang=de,Basel,BS - Basel-Stadt
165,Bäckerei Konditorei Staudenmann GmbH,https://so.chregister.ch/cr-portal/auszug/zefix.xhtml?uid=CHE-318.918.809&lang=de,Biberist,SO - Solothurn
166,Bäckerei Konditorei Tanner,https://zh.chregister.ch/cr-portal/auszug/zefix.xhtml?uid=CHE-303.070.085&lang=de,Zürich,ZH - Zürich
167,Bäckerei Konditorei Teixeira GmbH,https://tg.chregister.ch/cr-portal/auszug/zefix.xhtml?uid=CHE-261.654.166&lang=de,Frauenfeld,TG - Thurgau
168,Bäckerei Konditorei Zeller AG,https://sg.chregister.ch/cr-portal/auszug/zefix.xhtml?uid=CHE-381.184.891&lang=de,Rüthi (SG),SG - St. Gallen
169,Bäckerei Krähenbühl GmbH,https://adm.appls.fr.ch/hrcmatic/hrcintapp/externalCompanyReport.action?companyOfrcId13=CH-217-3532988-8&ofrcLanguage=4,Kerzers,FR - Fribourg
170,Bäckerei Kronig Charly,https://vo.chregister.ch/cr-portal/auszug/zefix.xhtml?uid=CHE-106.785.541&lang=de,Mörel-Filet,VS - Brig (Oberwallis)
171,Bäckerei Krummenacher AG,https://lu.chregister.ch/cr-portal/auszug/zefix.xhtml?uid=CHE-251.235.804&lang=de,Grosswangen,LU - Luzern
172,Bäckerei Kunz GmbH,https://tg.chregister.ch/cr-portal/auszug/zefix.xhtml?uid=CHE-492.709.723&lang=de,Altnau,TG - Thurgau
173,Bäckerei Künzler GmbH,https://sg.chregister.ch/cr-portal/auszug/zefix.xhtml?uid=CHE-105.828.515&lang=de,St. Margrethen,SG - St. Gallen
174,Bäckerei Konditorei Hackebeil,https://tg.chregister.ch/cr-portal/auszug/zefix.xhtml?uid=CHE-107.965.011&lang=de,Arbon,TG - Thurgau
175,Bäckerei Konditorei Hess AG in Liquidation,https://sg.chregister.ch/cr-portal/auszug/zefix.xhtml?uid=CHE-105.811.029&lang=de,Kaltbrunn,SG - St. Gallen
176,Bäckerei Konditorei Hunger AG,https://lu.chregister.ch/cr-portal/auszug/zefix.xhtml?uid=CHE-107.278.867&lang=de,Triengen,LU - Luzern
177,Bäckerei Konditorei Hürlimann AG,https://zh.chregister.ch/cr-portal/auszug/zefix.xhtml?uid=CHE-111.754.799&lang=de,Zürich,ZH - Zürich
178,Bäckerei Konditorei Lebensmittel Urs Kunz,https://lu.chregister.ch/cr-portal/auszug/zefix.xhtml?uid=CHE-107.283.182&lang=de,Luthern,LU - Luzern
179,Bäckerei Konditorei Mohler Inhaber R. Abplanalp,https://be.chregister.ch/cr-portal/auszug/zefix.xhtml?uid=CHE-350.873.629&lang=de,Unterseen,BE - Bern
180,Bäckerei Konditorei Odermatt GmbH,https://lu.chregister.ch/cr-portal/auszug/zefix.xhtml?uid=CHE-271.876.828&lang=de,Luzern,LU - Luzern
181,Bäckerei Konditorei P. Scheiwiller,https://sg.chregister.ch/cr-portal/auszug/zefix.xhtml?uid=CHE-112.017.433&lang=de,Waldkirch,SG - St. Gallen
182,Bäckerei Konditorei Schenk,https://be.chregister.ch/cr-portal/auszug/zefix.xhtml?uid=CHE-449.372.864&lang=de,Röthenbach im Emmental,BE - Bern
183,Bäckerei Konditorei Siegrist GmbH,https://sg.chregister.ch/cr-portal/auszug/zefix.xhtml?uid=CHE-107.286.631&lang=de,Sennwald,SG - St. Gallen
184,Bäckerei Andreas Fend-Müller,https://be.chregister.ch/cr-portal/auszug/zefix.xhtml?uid=CHE-107.221.985&lang=de,Saanen,BE - Bern
185,Bäckerei Anklin/Stebler GmbH,https://bl.chregister.ch/cr-portal/auszug/zefix.xhtml?uid=CHE-112.676.819&lang=de,Zwingen,BL - Basel-Landschaft
186,Bäckerei Attenhofer AG,https://gr.chregister.ch/cr-portal/auszug/zefix.xhtml?uid=CHE-101.699.207&lang=de,Thusis,GR - Graubünden
187,Bäckerei Backstein GmbH,https://zh.chregister.ch/cr-portal/auszug/zefix.xhtml?uid=CHE-135.614.628&lang=de,Niederglatt,ZH - Zürich
188,Bäckerei Baggenstoss GmbH,https://zh.chregister.ch/cr-portal/auszug/zefix.xhtml?uid=CHE-459.169.218&lang=de,Richterswil,ZH - Zürich
189,Bäckerei Bähler GmbH,https://sz.chregister.ch/cr-portal/auszug/zefix.xhtml?uid=CHE-114.940.944&lang=de,Lachen,SZ - Schwyz
190,Bäckerei Baumgartner,https://zg.chregister.ch/cr-portal/auszug/zefix.xhtml?uid=CHE-109.269.230&lang=de,Zug,ZG - Zug
191,Bäckerei Beeler GmbH in Liquidation,https://gl.chregister.ch/cr-portal/auszug/zefix.xhtml?uid=CHE-106.848.176&lang=de,Glarus,GL - Glarus
192,Bäckerei Bieri KlG,https://be.chregister.ch/cr-portal/auszug/zefix.xhtml?uid=CHE-473.509.833&lang=de,Schangnau,BE - Bern
193,Bäckerei Bisegger GmbH,https://sg.chregister.ch/cr-portal/auszug/zefix.xhtml?uid=CHE-112.014.015&lang=de,Wil (SG),SG - St. Gallen
194,BÄCKEREI - KONDITOREI FÄSSLER,https://ai.chregister.ch/cr-portal/auszug/zefix.xhtml?uid=CHE-115.132.898&lang=de,Rüte,AI - Appenzell I. Rh.
195,"Bäckerei - Konditorei Furter, Nachfolger Mario Monaco-Oesch",https://ag.chregister.ch/cr-portal/auszug/zefix.xhtml?uid=CHE-109.386.806&lang=de,Aarau,AG - Aargau
196,Bäckerei - Konditorei Gübeli,https://be.chregister.ch/cr-portal/auszug/zefix.xhtml?uid=CHE-114.920.189&lang=de,St. Stephan,BE - Bern
197,Bäckerei - Konditorei Hermann,https://ag.chregister.ch/cr-portal/auszug/zefix.xhtml?uid=CHE-107.066.035&lang=de,Muhen,AG - Aargau
198,Bäckerei - Konditorei Jean-Pierre Grindat,https://be.chregister.ch/cr-portal/auszug/zefix.xhtml?uid=CHE-106.154.151&lang=de,Orpund,BE - Bern
199,Bäckerei - Konditorei Leuenberger,https://be.chregister.ch/cr-portal/auszug/zefix.xhtml?uid=CHE-107.148.259&lang=de,Zollikofen,BE - Bern
200,Bäckerei - Konditorei Maier GmbH,https://ag.chregister.ch/cr-portal/auszug/zefix.xhtml?uid=CHE-200.539.725&lang=de,Böttstein,AG - Aargau
201,Bäckerei - Konditorei Märchy GmbH,https://gl.chregister.ch/cr-portal/auszug/zefix.xhtml?uid=CHE-105.728.428&lang=de,Glarus Nord,GL - Glarus
202,Bäckerei - Konditorei Not Clalüna,https://gr.chregister.ch/cr-portal/auszug/zefix.xhtml?uid=CHE-107.695.188&lang=de,Scuol,GR - Graubünden
203,Bäckerei - Konditorei Unternährer & Co,https://so.chregister.ch/cr-portal/auszug/zefix.xhtml?uid=CHE-112.494.017&lang=de,Kappel (SO),SO - Solothurn
204,Bäckerei La Panetteria GmbH,https://sg.chregister.ch/cr-portal/auszug/zefix.xhtml?uid=CHE-421.307.156&lang=de,St. Gallen,SG - St. Gallen
205,Bäckerei Lanz AG,https://be.chregister.ch/cr-portal/auszug/zefix.xhtml?uid=CHE-221.328.826&lang=de,Bern,BE - Bern
206,Bäckerei Laube AG,https://so.chregister.ch/cr-portal/auszug/zefix.xhtml?uid=CHE-112.999.866&lang=de,Derendingen,SO - Solothurn
207,Bäckerei Lötscher AG,https://lu.chregister.ch/cr-portal/auszug/zefix.xhtml?uid=CHE-107.228.119&lang=de,Escholzmatt-Marbach,LU - Luzern
208,Bäckerei M. Leuenberger,https://be.chregister.ch/cr-portal/auszug/zefix.xhtml?uid=CHE-110.623.120&lang=de,Burgdorf,BE - Bern
209,Bäckerei Maria del Carmen Nieto GmbH,https://zh.chregister.ch/cr-portal/auszug/zefix.xhtml?uid=CHE-109.269.514&lang=de,Zürich,ZH - Zürich
210,Bäckerei Markus Ryser,https://be.chregister.ch/cr-portal/auszug/zefix.xhtml?uid=CHE-107.226.267&lang=de,Hilterfingen,BE - Bern
211,Bäckerei Marty Conditorei GmbH,https://sz.chregister.ch/cr-portal/auszug/zefix.xhtml?uid=CHE-112.340.495&lang=de,Wollerau,SZ - Schwyz
212,Bäckerei Meyer GmbH,https://be.chregister.ch/cr-portal/auszug/zefix.xhtml?uid=CHE-102.477.419&lang=de,Bern,BE - Bern
213,Bäckerei Michel GmbH,https://be.chregister.ch/cr-portal/auszug/zefix.xhtml?uid=CHE-114.086.801&lang=de,Adelboden,BE - Bern
214,Bäckerei Mödinger GmbH,https://be.chregister.ch/cr-portal/auszug/zefix.xhtml?uid=CHE-113.157.019&lang=de,Bern,BE - Bern
215,Bäckerei Montero,https://adm.appls.fr.ch/hrcmatic/hrcintapp/externalCompanyReport.action?companyOfrcId13=CH-217-0611241-4&ofrcLanguage=4,Wünnewil-Flamatt,FR - Fribourg
216,Bäckerei Moor gmbh,https://zh.chregister.ch/cr-portal/auszug/zefix.xhtml?uid=CHE-468.291.953&lang=de,Niederweningen,ZH - Zürich
217,Bäckerei Moser,https://be.chregister.ch/cr-portal/auszug/zefix.xhtml?uid=CHE-116.209.109&lang=de,Heimberg,BE - Bern
218,Bäckerei Motzer AG,https://sg.chregister.ch/cr-portal/auszug/zefix.xhtml?uid=CHE-115.797.336&lang=de,Thal,SG - St. Gallen
219,Bäckerei Müller AG,https://so.chregister.ch/cr-portal/auszug/zefix.xhtml?uid=CHE-267.165.977&lang=de,Solothurn,SO - Solothurn
220,"Bäckerei Mürner, Inhaber Sonja + Rolf Hari-Mürner",https://be.chregister.ch/cr-portal/auszug/zefix.xhtml?uid=CHE-107.189.146&lang=de,Reichenbach im Kandertal,BE - Bern
221,Bäckerei Nellie AG,https://ar.chregister.ch/cr-portal/auszug/zefix.xhtml?uid=CHE-148.400.597&lang=de,Heiden,AR - Appenzell A. Rh.
222,Bäckerei Neuenschwander AG,https://be.chregister.ch/cr-portal/auszug/zefix.xhtml?uid=CHE-158.768.395&lang=de,Schangnau,BE - Bern
223,Bäckerei Neuhof GmbH,https://zh.chregister.ch/cr-portal/auszug/zefix.xhtml?uid=CHE-476.114.477&lang=de,Schlieren,ZH - Zürich
224,Bäckerei / Konditorei Ganz,https://be.chregister.ch/cr-portal/auszug/zefix.xhtml?uid=CHE-204.892.391&lang=de,Langenthal,BE - Bern
225,Bäckerei / Konditorei Leutwyler GmbH,https://ag.chregister.ch/cr-portal/auszug/zefix.xhtml?uid=CHE-346.380.826&lang=de,Zofingen,AG - Aargau
226,Bäckerei / Konditorei Rüegger GmbH,https://be.chregister.ch/cr-portal/auszug/zefix.xhtml?uid=CHE-105.022.067&lang=de,Langnau im Emmental,BE - Bern
227,Bäckerei A. Mathieu-Zumstein AG,https://vo.chregister.ch/cr-portal/auszug/zefix.xhtml?uid=CHE-105.756.488&lang=de,Leuk,VS - Brig (Oberwallis)
228,Bäckerei Abderhalden,https://ar.chregister.ch/cr-portal/auszug/zefix.xhtml?uid=CHE-107.351.748&lang=de,Herisau,AR - Appenzell A. Rh.
229,Bäckerei Abderhalden AG Wattwil,https://sg.chregister.ch/cr-portal/auszug/zefix.xhtml?uid=CHE-107.254.772&lang=de,Wattwil,SG - St. Gallen
230,Bäckerei Aebersold GmbH,https://adm.appls.fr.ch/hrcmatic/hrcintapp/externalCompanyReport.action?companyOfrcId13=CH-217-0540059-8&ofrcLanguage=4,Murten,FR - Fribourg
231,Bäckerei Allenspach GmbH,https://tg.chregister.ch/cr-portal/auszug/zefix.xhtml?uid=CHE-265.077.575&lang=de,Fischingen,TG - Thurgau
232,Bäckerei alpascha GmbH,https://bl.chregister.ch/cr-portal/auszug/zefix.xhtml?uid=CHE-198.680.660&lang=de,Münchenstein,BL - Basel-Landschaft
233,Bäckerei Amrein AG,https://lu.chregister.ch/cr-portal/auszug/zefix.xhtml?uid=CHE-264.368.722&lang=de,Büron,LU - Luzern
234,Bäckerei DUO GmbH,https://so.chregister.ch/cr-portal/auszug/zefix.xhtml?uid=CHE-418.409.916&lang=de,Zuchwil,SO - Solothurn
235,Bäckerei Eigenmann AG Lütisburg,https://sg.chregister.ch/cr-portal/auszug/zefix.xhtml?uid=CHE-107.140.915&lang=de,Lütisburg,SG - St. Gallen
236,Bäckerei Erni GmbH,https://so.chregister.ch/cr-portal/auszug/zefix.xhtml?uid=CHE-254.289.529&lang=de,Wolfwil,SO - Solothurn
237,Bäckerei FIRAT GmbH,https://bs.chregister.ch/cr-portal/auszug/zefix.xhtml?uid=CHE-105.232.682&lang=de,Basel,BS - Basel-Stadt
238,Bäckerei Fischer GmbH,https://be.chregister.ch/cr-portal/auszug/zefix.xhtml?uid=CHE-114.111.994&lang=de,Ersigen,BE - Bern
239,Bäckerei Fleischli-Stiftung,https://zh.chregister.ch/cr-portal/auszug/zefix.xhtml?uid=CHE-110.441.010&lang=de,Niederglatt,ZH - Zürich
240,Bäckerei Fontana AG,https://adm.appls.fr.ch/hrcmatic/hrcintapp/externalCompanyReport.action?companyOfrcId13=CH-217-0630252-1&ofrcLanguage=4,Plaffeien,FR - Fribourg
241,Bäckerei Frick AG,https://sg.chregister.ch/cr-portal/auszug/zefix.xhtml?uid=CHE-145.166.459&lang=de,Buchs (SG),SG - St. Gallen
242,Bäckerei Gaugler AG,https://bl.chregister.ch/cr-portal/auszug/zefix.xhtml?uid=CHE-199.871.665&lang=de,Augst,BL - Basel-Landschaft
243,Bäckerei Gerber GmbH,https://bs.chregister.ch/cr-portal/auszug/zefix.xhtml?uid=CHE-109.574.839&lang=de,Riehen,BS - Basel-Stadt
244,Bäckerei Tea-Room Burg AG,https://adm.appls.fr.ch/hrcmatic/hrcintapp/externalCompanyReport.action?companyOfrcId13=CH-217-3563298-9&ofrcLanguage=4,Rechthalten,FR - Fribourg
245,Bäckerei Thalmann GmbH,https://lu.chregister.ch/cr-portal/auszug/zefix.xhtml?uid=CHE-368.973.791&lang=de,Hergiswil bei Willisau,LU - Luzern
246,Bäckerei Tokay GmbH,https://zh.chregister.ch/cr-portal/auszug/zefix.xhtml?uid=CHE-109.386.025&lang=de,Winterthur,ZH - Zürich
247,Bäckerei und Restaurant Linde AG,https://be.chregister.ch/cr-portal/auszug/zefix.xhtml?uid=CHE-105.795.123&lang=de,Orpund,BE - Bern
248,Bäckerei Wagner AG,https://sg.chregister.ch/cr-portal/auszug/zefix.xhtml?uid=CHE-175.263.937&lang=de,Oberuzwil,SG - St. Gallen
249,Bäckerei Wüthrich AG,https://be.chregister.ch/cr-portal/auszug/zefix.xhtml?uid=CHE-107.193.142&lang=de,Grindelwald,BE - Bern
250,Bäckerei Ziehler Konditorei,https://sg.chregister.ch/cr-portal/auszug/zefix.xhtml?uid=CHE-107.283.549&lang=de,Nesslau,SG - St. Gallen
251,Bäckerei Zihlmann AG,https://lu.chregister.ch/cr-portal/auszug/zefix.xhtml?uid=CHE-302.621.640&lang=de,Schüpfheim,LU - Luzern
252,Bäckerei Zosso,https://adm.appls.fr.ch/hrcmatic/hrcintapp/externalCompanyReport.action?companyOfrcId13=CH-217-3557138-6&ofrcLanguage=4,Plaffeien,FR - Fribourg
253,"Bäckerei zum Engel, Keller",https://sg.chregister.ch/cr-portal/auszug/zefix.xhtml?uid=CHE-107.529.779&lang=de,Au (SG),SG - St. Gallen
254,Bäckerei Speck,https://ag.chregister.ch/cr-portal/auszug/zefix.xhtml?uid=CHE-113.973.800&lang=de,Oberkulm,AG - Aargau
255,Bäckerei Spitzbueb AG,https://ag.chregister.ch/cr-portal/auszug/zefix.xhtml?uid=CHE-112.763.476&lang=de,Baden,AG - Aargau
256,Bäckerei Stäubli AG,https://gr.chregister.ch/cr-portal/auszug/zefix.xhtml?uid=CHE-105.767.693&lang=de,Haldenstein,GR - Graubünden
257,"Bäckerei Stein, P. Riedwyl",https://be.chregister.ch/cr-portal/auszug/zefix.xhtml?uid=CHE-109.692.433&lang=de,Schangnau,BE - Bern
258,Bäckerei Steinegger AG,https://lu.chregister.ch/cr-portal/auszug/zefix.xhtml?uid=CHE-114.324.159&lang=de,Meierskappel,LU - Luzern
259,Bäckerei Steiner,https://be.chregister.ch/cr-portal/auszug/zefix.xhtml?uid=CHE-105.797.211&lang=de,Riggisberg,BE - Bern
260,Bäckerei Stöckli GmbH,https://lu.chregister.ch/cr-portal/auszug/zefix.xhtml?uid=CHE-115.771.992&lang=de,Menznau,LU - Luzern
261,Bäckerei Suter AG,https://lu.chregister.ch/cr-portal/auszug/zefix.xhtml?uid=CHE-461.112.618&lang=de,Schötz,LU - Luzern
262,Bäckerei Taverna,https://sg.chregister.ch/cr-portal/auszug/zefix.xhtml?uid=CHE-107.066.472&lang=de,Uzwil,SG - St. Gallen
263,Bäckerei Tea Room Bieri AG,https://be.chregister.ch/cr-portal/auszug/zefix.xhtml?uid=CHE-363.238.951&lang=de,Niederbipp,BE - Bern
264,Bäckerei Christen AG,https://lu.chregister.ch/cr-portal/auszug/zefix.xhtml?uid=CHE-102.764.971&lang=de,Sempach,LU - Luzern
265,Bäckerei Conditorei Confiserie Pfyl AG,https://zh.chregister.ch/cr-portal/auszug/zefix.xhtml?uid=CHE-279.810.193&lang=de,Hedingen,ZH - Zürich
266,"BÄCKEREI CONFISERIE BACKBORD, LORENZ MOSER, BEATRICE MOSER",https://be.chregister.ch/cr-portal/auszug/zefix.xhtml?uid=CHE-110.492.160&lang=de,Ostermundigen,BE - Bern
267,Bäckerei Confiserie Bucher AG,https://lu.chregister.ch/cr-portal/auszug/zefix.xhtml?uid=CHE-115.564.068&lang=de,Emmen,LU - Luzern
268,Bäckerei Confiserie Galli AG,https://be.chregister.ch/cr-portal/auszug/zefix.xhtml?uid=CHE-114.972.619&lang=de,Steffisburg,BE - Bern
269,Bäckerei Confiserie Grellinger AG,https://bl.chregister.ch/cr-portal/auszug/zefix.xhtml?uid=CHE-412.619.094&lang=de,Reinach (BL),BL - Basel-Landschaft
270,Bäckerei Confiserie Grellinger AG,https://bs.chregister.ch/cr-portal/auszug/zefix.xhtml?uid=CHE-403.888.011&lang=de,Basel,BS - Basel-Stadt
271,Bäckerei Dili GmbH,https://so.chregister.ch/cr-portal/auszug/zefix.xhtml?uid=CHE-114.078.894&lang=de,Olten,SO - Solothurn
272,Bäckerei Dimen GmbH,https://ag.chregister.ch/cr-portal/auszug/zefix.xhtml?uid=CHE-259.888.200&lang=de,Killwangen,AG - Aargau
273,Bäckerei Dörig GmbH Diepoldsau,https://sg.chregister.ch/cr-portal/auszug/zefix.xhtml?uid=CHE-105.900.182&lang=de,Diepoldsau,SG - St. Gallen
274,Bäckerei Göbel,https://be.chregister.ch/cr-portal/auszug/zefix.xhtml?uid=CHE-262.284.540&lang=de,Thun,BE - Bern
275,Bäckerei Gold AG,https://zh.chregister.ch/cr-portal/auszug/zefix.xhtml?uid=CHE-109.056.579&lang=de,Zürich,ZH - Zürich
276,Bäckerei Graber GmbH,https://so.chregister.ch/cr-portal/auszug/zefix.xhtml?uid=CHE-422.600.038&lang=de,Riedholz,SO - Solothurn
277,Bäckerei Gradwohl GmbH,https://ag.chregister.ch/cr-portal/auszug/zefix.xhtml?uid=CHE-435.619.780&lang=de,Staufen,AG - Aargau
278,Bäckerei Grob AG,https://be.chregister.ch/cr-portal/auszug/zefix.xhtml?uid=CHE-107.175.428&lang=de,Biel/Bienne,BE - Bern
279,Bäckerei Gutknecht AG,https://adm.appls.fr.ch/hrcmatic/hrcintapp/externalCompanyReport.action?companyOfrcId13=CH-217-0530153-5&ofrcLanguage=4,Ulmiz,FR - Fribourg
280,Bäckerei Gwerder & Ziegler AG,https://gr.chregister.ch/cr-portal/auszug/zefix.xhtml?uid=CHE-486.652.262&lang=de,Landquart,GR - Graubünden
281,Bäckerei Gwerder AG,https://gr.chregister.ch/cr-portal/auszug/zefix.xhtml?uid=CHE-278.858.754&lang=de,Chur,GR - Graubünden
282,Bäckerei Häfeli AG Hallau,https://sh.chregister.ch/cr-portal/auszug/zefix.xhtml?uid=CHE-106.927.605&lang=de,Hallau,SH - Schaffhausen
283,Bäckerei Happy AG,https://zh.chregister.ch/cr-portal/auszug/zefix.xhtml?uid=CHE-113.084.811&lang=de,Zürich,ZH - Zürich
284,Bäckerei Nussbaumer AG,https://zg.chregister.ch/cr-portal/auszug/zefix.xhtml?uid=CHE-106.013.220&lang=de,Cham,ZG - Zug
285,Bäckerei Nyffenegger GmbH,https://lu.chregister.ch/cr-portal/auszug/zefix.xhtml?uid=CHE-115.564.720&lang=de,Reiden,LU - Luzern
286,Bäckerei Oehler,https://bl.chregister.ch/cr-portal/auszug/zefix.xhtml?uid=CHE-114.487.212&lang=de,Dittingen,BL - Basel-Landschaft
287,Bäckerei Patric Inniger,https://be.chregister.ch/cr-portal/auszug/zefix.xhtml?uid=CHE-344.077.848&lang=de,Thunstetten,BE - Bern
288,Bäckerei Pfiffner AG,https://sg.chregister.ch/cr-portal/auszug/zefix.xhtml?uid=CHE-107.256.759&lang=de,Mels,SG - St. Gallen
289,Bäckerei Plüss im Limmatfeld GmbH,https://zh.chregister.ch/cr-portal/auszug/zefix.xhtml?uid=CHE-352.859.132&lang=de,Dietikon,ZH - Zürich
290,Bäckerei R. Sutter,https://bl.chregister.ch/cr-portal/auszug/zefix.xhtml?uid=CHE-114.776.656&lang=de,Sissach,BL - Basel-Landschaft
291,Bäckerei Rebsamen GmbH,https://be.chregister.ch/cr-portal/auszug/zefix.xhtml?uid=CHE-495.977.444&lang=de,Ferenbalm,BE - Bern
292,Bäckerei Rigazzi GmbH,https://tg.chregister.ch/cr-portal/auszug/zefix.xhtml?uid=CHE-458.438.338&lang=de,Gachnang,TG - Thurgau
293,Bäckerei Ritter,https://be.chregister.ch/cr-portal/auszug/zefix.xhtml?uid=CHE-105.996.182&lang=de,Ins,BE - Bern
294,Bäckerei-Konditorei Schiess AG,https://tg.chregister.ch/cr-portal/auszug/zefix.xhtml?uid=CHE-283.796.656&lang=de,Sulgen,TG - Thurgau
295,Bäckerei-Konditorei Schläpfer GmbH,https://ar.chregister.ch/cr-portal/auszug/zefix.xhtml?uid=CHE-109.101.205&lang=de,Herisau,AR - Appenzell A. Rh.
296,Bäckerei-Konditorei Schneider Inh. Felix Burkhardt,https://bs.chregister.ch/cr-portal/auszug/zefix.xhtml?uid=CHE-101.846.170&lang=de,Basel,BS - Basel-Stadt
297,Bäckerei-Konditorei Schwizer,https://lu.chregister.ch/cr-portal/auszug/zefix.xhtml?uid=CHE-105.079.601&lang=de,Pfaffnau,LU - Luzern
298,Bäckerei-Konditorei Sebregondi AG,https://gr.chregister.ch/cr-portal/auszug/zefix.xhtml?uid=CHE-200.733.552&lang=de,Vaz/Obervaz,GR - Graubünden
299,Bäckerei-Konditorei Sollberger,https://ag.chregister.ch/cr-portal/auszug/zefix.xhtml?uid=CHE-250.347.122&lang=de,Gontenschwil,AG - Aargau
300,Bäckerei-Konditorei Spicher,https://be.chregister.ch/cr-portal/auszug/zefix.xhtml?uid=CHE-107.254.163&lang=de,Sigriswil,BE - Bern
301,Bäckerei-Konditorei Spirig & Berchtold GmbH,https://sg.chregister.ch/cr-portal/auszug/zefix.xhtml?uid=CHE-114.614.108&lang=de,Wartau,SG - St. Gallen
302,Bäckerei-Konditorei Staub AG in Liquidation,https://be.chregister.ch/cr-portal/auszug/zefix.xhtml?uid=CHE-102.042.783&lang=de,Köniz,BE - Bern
303,Bäckerei-Konditorei Sterchi AG,https://be.chregister.ch/cr-portal/auszug/zefix.xhtml?uid=CHE-109.816.072&lang=de,Bern,BE - Bern
304,Bäckerei-Konditorei Stocker AG,https://lu.chregister.ch/cr-portal/auszug/zefix.xhtml?uid=CHE-108.094.442&lang=de,Sursee,LU - Luzern
305,Bäckerei-Konditorei Studler AG,https://ag.chregister.ch/cr-portal/auszug/zefix.xhtml?uid=CHE-107.109.839&lang=de,Seengen,AG - Aargau
306,Bäckerei-Konditorei Stutz GmbH,https://ag.chregister.ch/cr-portal/auszug/zefix.xhtml?uid=CHE-109.802.466&lang=de,Unterlunkhofen,AG - Aargau
307,Bäckerei-Konditorei Thomas Gautschi,https://be.chregister.ch/cr-portal/auszug/zefix.xhtml?uid=CHE-113.030.672&lang=de,Stettlen,BE - Bern
308,Bäckerei-Konditorei Tschumi AG,https://lu.chregister.ch/cr-portal/auszug/zefix.xhtml?uid=CHE-109.484.142&lang=de,Weggis,LU - Luzern
309,Bäckerei-Konditorei U. Schnidrig,https://be.chregister.ch/cr-portal/auszug/zefix.xhtml?uid=CHE-107.201.014&lang=de,Kandergrund,BE - Bern
310,Bäckerei-Konditorei Vetterli,https://zh.chregister.ch/cr-portal/auszug/zefix.xhtml?uid=CHE-285.280.174&lang=de,Horgen,ZH - Zürich
311,Bäckerei-Konditorei Vincenz AG,https://be.chregister.ch/cr-portal/auszug/zefix.xhtml?uid=CHE-402.020.872&lang=de,Lauterbrunnen,BE - Bern
312,Bäckerei-Konditorei von Burg AG,https://zh.chregister.ch/cr-portal/auszug/zefix.xhtml?uid=CHE-396.408.680&lang=de,Küsnacht (ZH),ZH - Zürich
313,Bäckerei-Konditorei Waber AG,https://ag.chregister.ch/cr-portal/auszug/zefix.xhtml?uid=CHE-114.926.039&lang=de,Brittnau,AG - Aargau
314,Bäckerei Röösli,https://ag.chregister.ch/cr-portal/auszug/zefix.xhtml?uid=CHE-470.329.565&lang=de,Oberentfelden,AG - Aargau
315,Bäckerei Ruckli AG,https://ag.chregister.ch/cr-portal/auszug/zefix.xhtml?uid=CHE-150.447.450&lang=de,Sarmenstorf,AG - Aargau
316,Bäckerei Ruppeiner AG,https://sg.chregister.ch/cr-portal/auszug/zefix.xhtml?uid=CHE-183.998.797&lang=de,St. Gallen,SG - St. Gallen
317,Bäckerei Schäfli Roswita Stolz,https://sg.chregister.ch/cr-portal/auszug/zefix.xhtml?uid=CHE-285.849.594&lang=de,Niederbüren,SG - St. Gallen
318,Bäckerei Schär,https://be.chregister.ch/cr-portal/auszug/zefix.xhtml?uid=CHE-105.790.686&lang=de,Ursenbach,BE - Bern
319,Bäckerei Schnüriger GmbH,https://sz.chregister.ch/cr-portal/auszug/zefix.xhtml?uid=CHE-112.161.308&lang=de,Rothenthurm,SZ - Schwyz
320,Bäckerei Schwager GmbH,https://ag.chregister.ch/cr-portal/auszug/zefix.xhtml?uid=CHE-107.655.674&lang=de,Bremgarten (AG),AG - Aargau
321,Bäckerei Schwegler GmbH,https://lu.chregister.ch/cr-portal/auszug/zefix.xhtml?uid=CHE-107.804.537&lang=de,Willisau,LU - Luzern
322,Bäckerei Schwyter AG,https://sg.chregister.ch/cr-portal/auszug/zefix.xhtml?uid=CHE-109.088.421&lang=de,St. Gallen,SG - St. Gallen
323,Bäckerei Siegfried,https://be.chregister.ch/cr-portal/auszug/zefix.xhtml?uid=CHE-103.415.409&lang=de,Zäziwil,BE - Bern
324,Bäckerei Hauser GmbH,https://adm.appls.fr.ch/hrcmatic/hrcintapp/externalCompanyReport.action?companyOfrcId13=CH-217-3558418-5&ofrcLanguage=4,Muntelier,FR - Fribourg
325,Bäckerei Haydar Aydin,https://zh.chregister.ch/cr-portal/auszug/zefix.xhtml?uid=CHE-316.685.066&lang=de,Wetzikon (ZH),ZH - Zürich
326,Bäckerei Herger GmbH,https://ur.chregister.ch/cr-portal/auszug/zefix.xhtml?uid=CHE-105.458.565&lang=de,Attinghausen,UR - Uri
327,Bäckerei Hotz Rust AG,https://zg.chregister.ch/cr-portal/auszug/zefix.xhtml?uid=CHE-107.377.245&lang=de,Baar,ZG - Zug
328,Bäckerei im Zentrum Villmergen AG,https://ag.chregister.ch/cr-portal/auszug/zefix.xhtml?uid=CHE-309.283.840&lang=de,Villmergen,AG - Aargau
329,Bäckerei Imboden AG,https://vo.chregister.ch/cr-portal/auszug/zefix.xhtml?uid=CHE-101.901.892&lang=de,Brig-Glis,VS - Brig (Oberwallis)
330,Bäckerei Imholz AG,https://zh.chregister.ch/cr-portal/auszug/zefix.xhtml?uid=CHE-200.646.901&lang=de,Zürich,ZH - Zürich
331,Bäckerei Jassbach GmbH,https://be.chregister.ch/cr-portal/auszug/zefix.xhtml?uid=CHE-113.326.285&lang=de,Linden,BE - Bern
332,Bäckerei Jetzer GmbH,https://bs.chregister.ch/cr-portal/auszug/zefix.xhtml?uid=CHE-112.381.608&lang=de,Basel,BS - Basel-Stadt
333,Bäckerei Josef Schwarz Visp AG,https://vo.chregister.ch/cr-portal/auszug/zefix.xhtml?uid=CHE-112.450.563&lang=de,Visp,VS - Brig (Oberwallis)
334,"Bäckerei ""gsund"" AG",https://sz.chregister.ch/cr-portal/auszug/zefix.xhtml?uid=CHE-240.641.011&lang=de,Feusisberg,SZ - Schwyz
335,Bäckerei & Catering M Janicijevic,https://zh.chregister.ch/cr-portal/auszug/zefix.xhtml?uid=CHE-114.960.579&lang=de,Zürich,ZH - Zürich
336,"Bäckerei & Konditorei, Biner & Co.",https://vo.chregister.ch/cr-portal/auszug/zefix.xhtml?uid=CHE-102.073.772&lang=de,Zermatt,VS - Brig (Oberwallis)
337,Bäckerei + Party-Service Sandra Bircher,https://ag.chregister.ch/cr-portal/auszug/zefix.xhtml?uid=CHE-115.910.495&lang=de,Wölflinswil,AG - Aargau
338,Bäckerei - Konditorei - Café Gut,https://lu.chregister.ch/cr-portal/auszug/zefix.xhtml?uid=CHE-112.034.070&lang=de,Willisau,LU - Luzern
339,Bäckerei - Konditorei - Lebensmittel Leuenberger,https://so.chregister.ch/cr-portal/auszug/zefix.xhtml?uid=CHE-107.195.164&lang=de,Erlinsbach (SO),SO - Solothurn
340,Bäckerei - Konditorei - Lebensmittel Oester,https://be.chregister.ch/cr-portal/auszug/zefix.xhtml?uid=CHE-109.306.718&lang=de,Adelboden,BE - Bern
341,"Bäckerei - Konditorei Adula, Georg Schmid und Josefin Burri",https://gr.chregister.ch/cr-portal/auszug/zefix.xhtml?uid=CHE-438.593.065&lang=de,Tujetsch,GR - Graubünden
342,Bäckerei - Konditorei D. Pfister,https://be.chregister.ch/cr-portal/auszug/zefix.xhtml?uid=CHE-116.198.463&lang=de,Uetendorf,BE - Bern
343,Bäckerei - Konditorei Eichenberger AG,https://be.chregister.ch/cr-portal/auszug/zefix.xhtml?uid=CHE-313.666.724&lang=de,Langnau im Emmental,BE - Bern
