From,To,Strength
1001152617525936129,1082083626098049024,1
1001739825307930624,1380088816950738948,1
1004310316208017408,1004310316208017408,2
1004317466523324416,1268658245457059840,1
1005116853042270208,805308596,1
1006191456879603712,794249472972849152,1
1006901904,1155350311004979200,1
1007127535,1453418027479863301,1
1009298233770893315,1009298233770893315,1
1009466744161947649,969750482,1
1010891024233914369,1373293126916395008,2
1012419447506833409,1343677523624865794,1
1012998855099547649,1005341404749598722,1
1012998855099547649,1314477399694868481,1
1012998855099547649,896268935145955328,1
1016294349578080256,1016294349578080256,1
1016294349578080256,112981901,1
1016294349578080256,1247446202184073216,1
1016294349578080256,1332751359632879624,1
1016294349578080256,3019759383,1
1016294349578080256,404731546,1
1016294349578080256,4502695341,1
1016294349578080256,469195976,1
1016294349578080256,942709966489706496,1
1017056547237658624,1443830418332078080,1
101789090,101789090,1
1018840511593971712,1363955532512583684,1
1019618077,816553078405074944,1
1020344466627080193,804716336454795264,1
1023659705099583488,1256598827278180352,1
1025087761496399873,3341811327,1
1025668824912289794,1302697044486828032,1
102626298,1221049502146224129,1
102636426,3086382214,1
1026773320400818183,405534382,1
1027084864888168448,168790724,1
1027084864888168448,272521815,1
102727416,102727416,1
1027905630,432647972,1
1030801024439734273,907669749487865856,1
1031022709025792001,26203977,1
1032717244093083648,2907532582,1
103304964,103304964,1
1033700768992428032,714927933115252739,1
1033700768992428032,833398209053605888,1
1038018065328467968,382509763,1
1039187213932797953,1159434285801201665,1
1039554192254427136,1415232868305997825,1
1039554192254427136,923923849,1
1039554192254427136,938942950754652160,1
1039600976796282881,712301773034278912,1
1040269630068154368,1040269630068154368,1
1040269630068154368,2364159092,1
1040269630068154368,2991788747,1
1040870490821353472,1303942230776975361,1
1040898695569522693,762631020734779392,1
1041657034192478208,1334195751753277445,1
1041657034192478208,28566427,1
1042052751117697027,853965047076450304,1
1042079214416080896,1042079214416080896,1
10456882,773940,1
1046119978909540353,1136593952423993345,1
1048334780834754560,432748384,1
1048508301623873536,296888210,1
1049302299338784768,1106765550,1
1052848657756839936,1250036179644420097,1
1053358002,1123218550997569537,1
1053949113916624899,2270252634,1
1055325265608486912,516466158,1
1056517410646298625,1056517410646298625,1
1057196110765285376,1057196110765285376,1
1058066452069007361,1058066452069007361,1
1059525970221322240,1043457866244517893,1
1059525970221322240,1129520186145607680,1
1059750089143525378,1059750089143525378,1
1064573612240318464,72265312,1
1064595416342253569,1215737471167877121,1
1064595416342253569,210788662,1
1064595416342253569,8720562,1
1066272239409143808,512356467,1
1066341272531726336,1236779087747788800,1
1066582007126401024,9334352,1
107071527,724865365784801282,1
1072571097286094849,1059756337003925505,1
1072585440635613185,1386249371914850306,1
1072974908882333701,1286758509661638656,1
1073520239143542784,1438444487353712646,1
1073606626530263040,281700760,1
107402608,1332751359632879624,1
107402608,3063892271,1
1074205926775771137,5734902,1
1077479182282752000,1077479182282752000,1
1077670683163930624,46082356,1
1078557717839691778,1242913104360603650,1
1078611325134295041,1078611325134295041,1
1078611325134295041,454932645,1
1078925248718950402,816690234981228545,1
1082186919814090752,1082186919814090752,2
1082186919814090752,1235648080223092736,1
1082186919814090752,1272257992654815239,1
1082186919814090752,19802110,1
1082186919814090752,3347600212,1
1082371703181844480,1384600684201349122,1
1083447470519214082,2189115488,1
1083565366410964992,19401778,1
1083565366410964992,953592156555538432,1
1083826636678676482,787119942,1
1084578529138884615,1084578529138884615,1
1084857027065729025,87312385,1
1084924078845296641,1084924078845296641,1
1087412278465646595,1360266183287726081,1
1087444980174671872,29180690,1
1089806135757062144,1467457855037050883,1
1091090017311748096,826495532373831681,1
1091870197139623936,4599832096,2
1092533104940593155,2293980885,1
1092779954436214784,1314116355197743105,1
1092860741047250946,1092860741047250946,1
10954202,18763491,1
1095432576435671046,25667697,1
1097836571871588352,1420294156698652674,1
1097836571871588352,3292982985,2
1099580804798300160,809188392089092097,1
1101690859634999297,1101690859634999297,1
1102465200060538880,46614863,1
1102541866338316290,1218947359033393153,1
1103239140651515905,987270518578479105,1
1104771860502331392,1195067653649555459,1
1106765550,1049302299338784768,1
1106765550,1419997864604864518,2
1106765550,1450724213107695616,1
1106765550,29079848,1
1106765550,3318786813,1
1106765550,517443026,1
1107889123640180738,816690234981228545,1
1108136168632315905,1101354170,1
1108294027563188224,28871235,1
1108810580981415937,1324281927139053568,1
1109409812088045568,1048108501111918592,1
1109409812088045568,1067484029677641728,1
1109409812088045568,280569249,1
1109761598720299008,310775933,1
1110593416088481793,4797913767,1
1110886516061032448,1110886516061032448,1
1110886516061032448,69440153,1
1110886516061032448,73597791,1
1116619771586338816,22470711,1
1118823044510887936,1110886516061032448,1
1119276958737735686,716634913487847425,1
1120669848927973377,18722806,1
1122752328723988480,1299709844811898880,1
1126176410949890048,870354434,1
1126437637236109312,1348250233445220352,1
1128300581477548033,1240342963693268993,1
1128300581477548033,1330896180482596865,1
1128300581477548033,1334442714813911040,1
1128300581477548033,1340455739660361732,1
1128300581477548033,1377609668051222533,2
1128300581477548033,1412644065183739904,1
1128300581477548033,1438461455947468806,1
1128300581477548033,1452904970492289031,1
1128300581477548033,2827762328,1
1128300581477548033,3957949635,1
1128715108388081665,2885573171,2
1128715108388081665,8720562,3
1130213864489009164,756569436384026625,1
1130966879948955648,756569436384026625,1
1131070519904808960,760798115066773504,1
1131237989818994688,787649433097961472,1
1131300901,1056653626058387457,1
1131300901,2748626978,1
1131523453180403712,1198321794488381440,1
1131595666944397313,822532222565683200,1
1131906768194482176,915314927778361345,1
1132181767589421058,759444779402948608,1
1133065087382634498,1033078686176698369,1
1133119485043445760,1185226983879385088,1
1133362781070221313,1385496575565312000,1
1135631779036094465,1044255544096239616,1
1136593952423993345,1181327506080780288,1
1136593952423993345,756569436384026625,1
1138129926832427008,841002777841143808,1
1138769843765878784,176557293,1
1138769843765878784,709073627585630208,1
1138769843765878784,889040779712376832,1
114021187,878575811250573312,1
1140534932835635200,1223976875959234572,1
1141704723076132864,1252542024299012097,1
1143039246,1143039246,1
1143039246,414703976,1
1143039246,80039777,1
1143039246,805508383772123136,1
1143255384,2748626978,1
1144328577221124101,1144328577221124101,1
1144545418572943360,1425209285655547910,1
1145731625323585536,1257898714917715969,1
1146334842914820097,1133248139262070785,2
1146725306071506944,1358405339792736260,1
1147425714867752960,462315706,2
1147432621670051840,3063892271,1
1148032358,1324095465672052739,1
1148290233219334144,756569436384026625,1
1149740137649250304,951229400,1
1149795256847798272,787119942,1
1150456132844085251,1031104936212410370,1
1151952394823110661,319854904,1
1152317324365639681,3063892271,1
1152863571392499712,8720562,1
1154106240588496899,1154106240588496899,1
1154504123791925259,1155916301828800512,1
1154504123791925259,36713389,1
1154504160206872590,1272257992654815239,1
1154504160206872590,2245260053,1
1155013296,1290305060568813568,1
1155844907975790594,1155844907975790594,1
1156254246532202499,1185552836404432907,1
1156254246532202499,1437810368538161158,1
1156254246532202499,705721455724646400,1
1156366716991094786,4201110910,1
1156547367602130948,906173494303621121,1
1157194965069500417,1042079214416080896,1
1158339007882944512,1341293510109093889,1
1158395682300059649,202529421,1
1158642693544775681,472447110,1
1159434285801201665,1039187213932797953,1
1160207693824626689,1290652703564206083,1
1163788557946892288,359982860,1
1163788557946892288,4914384040,1
1164231742091386882,52715867,1
1166751822197002243,1319570221976399872,1
1167460222455177216,1225540867949199361,1
1168688111464960000,1445463378214805506,1
1168907221054492672,1461286003575083015,1
1168907221054492672,8720562,1
1169837119,813532704,1
1170230841856987136,1036566311458013186,1
1170276097184935942,1170276097184935942,2
1170626838126825472,1422672530393927688,1
117113707,277969961,1
1171761327544688642,1384173945100718094,1
1173290451023085570,422569574,1
117427484,1340908937185554432,1
1175550050925207552,1175553530217881606,1
1175733226465308673,886666589885616129,1
1175844550142844928,1467464244207792131,1
1175844550142844928,5734902,1
117690210,117690210,1
1177856897594068992,1177856897594068992,1
1178135997944619010,413455064,1
1180863086409977857,197917573,1
1180924667558858753,300390038,1
1181327506080780288,1281005175826677761,1
1181327506080780288,1423987455489978594,1
1181448827049533441,1365998909538115587,1
1182933629388906496,1182933629388906496,1
1183286185659174912,14512645,1
1183722587047763969,2531470606,1
1184090916568682497,258408730,1
1184786214634872833,10501932,1
1184916506917908481,14065491,1
1185642395649662982,1043457866244517893,1
1186512265232683014,1186512265232683014,1
1187095128390934529,2912878863,1
1187095128390934529,3359344643,1
118851642,787119942,1
11907382,1311204346110111744,1
1191935332893241345,1276612080012050432,1
1192523072764567553,611054789,1
11925372,1415946980,1
1193238332123369472,402055544,1
1195279957045514240,3239337743,1
1197560575607357446,756569436384026625,1
1198187813621112832,1401193562566430725,1
1200936687859359745,1462488898400047112,1
120127125,1122231427553210371,1
120127125,120127125,1
120127125,2885573171,1
120127125,56752711,2
120127125,570118794,1
1203737014367145984,1215737471167877121,1
1204377762640871425,939157144955510790,1
1204377762640871425,941598176976539648,1
1204447642924785665,1446811604486590466,1
1206207267915411458,359982860,1
1206346994853306368,319815759,1
1206910296885022720,1292457529008586752,1
1207202070,2834511,1
1208148890211508224,1208148890211508224,1
1209155755800178688,1101354170,1
1209159537137213445,1115105119,1
1209159537137213445,1129331350060851206,1
1209545541597696000,792305987306811392,1
1209782862448381952,1209782862448381952,1
1211613806465433601,2834511,1
1213022613930303490,941037864300810241,1
1214040626829725697,1453408985130967044,1
1214040626829725697,843210563190771713,1
1214265479793000448,941295931227598848,1
1214570035387273218,49014440,1
1215033669687152641,1466017577734389764,1
1215737471167877121,91071669,1
1216376982176440320,250322511,1
1216766464537088001,1216766464537088001,1
1217086552242905088,1043457866244517893,1
1217579607152627715,3431566875,1
1217726907250282497,1268014717,1
1219246221363228672,1219246221363228672,1
1220217714758778880,1257898714917715969,1
1220728498609950721,1074671214902345728,1
1221174807741505536,879133287037489153,1
1221478843141251073,1227319274362089479,1
1221478843141251073,2809549643,1
1222077091212156928,1382808451340992518,1
1222535942059307014,1449323023937462273,1
1222645241779511296,1391144886120898565,1
1222653320113926144,2618686458,1
1223010161515778056,1365371342279876608,1
1223222502454853633,3063892271,1
1224034050475810817,1224034050475810817,1
1224060489833029633,2834511,1
1224223465974181888,502653863,1
1224223465974181888,78623043,1
1224611475857334272,2181868322,1
1225314585076518912,844081278,1
1226609732321972226,1226609732321972226,1
1226626611425968135,3063892271,1
1226810258988900352,1362174359054520320,1
1227348634099949569,1659392952,1
1230381180643684354,1430857532965363712,1
1230381180643684354,3034147900,1
1230381180643684354,5734902,1
1230381180643684354,825306344961998848,1
1230951609695457280,1105638526467616769,1
1231418605,805308596,1
1231659872036499456,1231659872036499456,3
1233132876549455872,8720562,1
1233185754907631616,787119942,1
1234060130574049281,1261242772658495488,1
1234060130574049281,87186946,1
1234100712256294912,9204502,1
1234150606518063105,21755476,1
1236956708708253696,951931635422949378,1
1237407778483863552,1276587769989562368,1
1237407778483863552,1337040334254170114,1
1238236405756825600,3941988976,1
1238776140094996481,1439658073480732674,1
1238824564529995778,3292982985,1
1238892997535825920,100250017,1
1239164108802592770,1460526980319825923,1
1239184958209605632,1120571928459268097,1
1239232480043032576,1239232480043032576,1
1240268961566113794,1407130051548745731,1
1240268961566113794,4451331875,1
1240356154049548291,1145290529602756608,1
1240632584364855296,19232587,1
1240706600,1255745886233276416,1
1240994573020692480,63714073,1
1241012031131717633,9204502,1
1241093357369274375,726824782398906368,1
1241250456535474177,1085620705444708352,1
124143120,1212360344363921409,1
1241726248897974276,1207709647030935557,1
1241820222002208768,1267146987599728640,1
1242056742315442178,233164948,1
1242097594869977089,1397804838,1
1242116646287937538,36713389,1
1243224983830237190,1010705857,1
1243259466432249862,1399359710726348813,1
1243788531895582720,3026970505,1
1244302284785401856,2469989804,1
1244333372694056962,3438554837,1
1244641485808709636,1160177619578576896,1
1244727530101374980,733293522,1
1244946647571927040,1412287272,1
1246045248721162241,1152885512472072192,1
1246082317480837122,1442508789551271945,1
1246923992755249153,1006227483866337281,1
1247201490726531073,1292836071596793856,1
1249445298058874880,22781017,1
1249618888888893440,108389947,1
1249942250,1372247224122540032,1
1250525358400700417,1329829895497797635,1
1250689474595561473,1216280958900543488,1
1250689474595561473,1250689474595561473,1
1250689474595561473,253998571,1
1250804864835256324,1231547612974714880,1
1251452749872599041,2435691,1
1251647677248536583,1252542024299012097,1
1251799278248493058,1364867124624306179,1
1252208688485535745,1305974195327823873,1
1252542768,1462488898400047112,1
1252668344634871809,756569436384026625,1
1253266973120696322,911206638,1
1253519341020200961,1028662281725456384,1
1254501017296736258,1429417705120075776,1
1255037675213651969,756569436384026625,1
1255385682450751488,1381927889738813440,1
1255385682450751488,8720562,1
1255631529809756162,2523284509,1
1255946430298161161,1255946430298161161,1
1255998302165905408,1213609050023137280,1
1256152890336567297,1032608858173308929,1
1256258194214719488,787119942,1
1256541223537512455,879133287037489153,1
1256598827278180352,413455064,1
1256902611304886274,787119942,1
125695604,3559692389,1
1258281896938745858,1237736394585448449,1
1258333339271999489,200932687,1
1258457702562488321,704431266,1
1258460634146115584,2270252634,1
1258460634146115584,2358808194,1
1258645342943416322,1223976875959234572,1
1260566279590678534,1298331430272081926,1
1260566279590678534,312504234,1
1260635069460426752,1005833251620052994,1
1260635069460426752,1260635069460426752,1
1260635069460426752,2991788747,1
1261706553041747968,1456924915957964800,1
1261949026771107842,52673670,1
1262991972974952448,1340743406650351617,1
1263175215888171008,1135883199740096512,1
1263175215888171008,1466180170889453569,1
1263175215888171008,2398480578,1
1264625550351642627,1285538019597062147,1
1264625550351642627,1355603795363966983,1
1264935484121284608,5734902,1
1265212916,969750482,1
1265308566,1352188200006135808,1
1265327891962880000,840980586193924098,1
1266391567784345600,795628212919406592,1
1266643645660266496,1143828746803326976,1
1266643645660266496,1268491947150376962,1
1267146134113390596,1037118426853126144,1
1267331021051179009,792818927525134336,1
1267534731958247431,1442921469881851905,1
1267917470112849921,3292982985,1
1268014717,1257747673303732232,1
1268014717,1414526746217566208,1
1268014717,22926365,1
1268465248123654144,1136360857603063809,1
1268475332014866437,1339494646997803009,1
1268629363370725378,1689287426,1
1269176647544176641,22482556,1
1269177407740747777,4849908027,1
1269794072,1314528417732268032,1
1269955323697209346,67602664,1
1270362941699887104,996729302921211909,1
1270475387030700032,5715752,1
1270475387030700032,881607869732446209,1
1272233013997338625,1459198048232517639,1
1272447535991447552,1159167213624057856,1
1272447535991447552,1459608945954369539,1
1272811339283673093,1122231427553210371,1
1272811339283673093,879133287037489153,1
1272849711658160128,1427315329638748164,1
1273234977602363392,254974186,1
1273234977602363392,784733701682950145,1
1274005687102771200,1385935776450551812,1
1274016589004840961,1232073917415579648,1
1274389544251674627,29079848,1
1274474936200048640,736865045515210752,1
1275925225,1103889187474878464,1
1276482298003820544,1877130186,1
1278032720610955264,29180690,1
1278063539341623299,1196537992220950533,1
1278998712082214912,2834511,1
1279432806662311936,1411599915562803201,1
1279494633723133953,3312143955,1
1279514084950659078,1251840430330843142,1
1279514084950659078,1352775530265849856,1
1279514084950659078,1429666774203748353,2
1280588610404835330,395873726,1
1281233186245263361,1422556286974152711,1
1281325139301408775,1014233961189531648,1
1281829300707237889,1210993208219488257,1
128234175,128234175,1
1282344100314976257,1248992017897619458,1
1282388803399933953,1191935332893241345,1
1283123369068691457,955752186163720193,1
1283444480838901762,879133287037489153,1
1283928515134595074,1363969493572149252,1
1284214529702928387,1129408209704370176,1
1285538019597062147,1349358940073680896,1
1285538019597062147,2597799890,1
1285943802063183872,837244970025238531,1
1287323708252708865,9204502,1
1288327034,1288327034,1
1288528122216878081,22470711,1
1288789695799996416,1288789695799996416,1
1289492208010354689,1431777463399591936,1
1290305060568813568,80039777,1
1291427561621336065,252764310,1
1292245433385996294,787119942,1
1292900414,1949194382,1
1292900414,591460008,1
1292967458853343232,3264813706,1
1293586265225474048,1443517015935815681,1
1294187705711104001,1333095915817750529,1
1294187705711104001,190472848,1
1294187705711104001,3526579397,1
1294381163050676226,1276243318616338434,1
1294642170734026754,949573878,1
1295403609635659778,1295403609635659778,1
1295821102858502144,1295821102858502144,1
1296363318689640449,405534382,1
1296552990908784640,214234811,1
1296726048781082624,3172870258,1
1299063193881530369,752130147952758785,1
1300519800964345856,940478388183142400,1
1300795459351572482,1363756956884828162,1
130112935,1380590716531924997,1
1301604853702184960,1301604853702184960,1
130180142,1433694988685168652,1
1302114457515175936,526311519,1
1304818033303707649,1304818033303707649,1
1304877267307372544,1949194382,1
1305201231883907073,1877130186,1
1307048481496981510,3646134982,2
1308696999219392513,1446116828762165255,1
1309095485878284289,719079898023911425,1
1309458600,172884537,1
1310850553233190914,1142876274328780800,1
1312127577008615429,472447110,1
1313241083246247937,1330075155733880846,1
1313615760833622018,1225309978770202624,1
1313713638931345408,43595288,1
1315182906495639552,74965183,1
1315337251245772801,405534382,1
1316452019956338689,2329807447,1
1316918779,405534382,1
1318883705121853440,787119942,1
1319325738085089281,1420834331656867840,1
1319382331698839555,1319382331698839555,1
1319613359067725824,1083145344580571137,1
1319998716300984320,24754069,1
1320670366784696322,2728756401,1
1321377773697552385,20681190,1
1322551703196045312,1463746527999012868,1
1322810145823481856,1238746097947901952,1
1324052754545987585,1140369636715876352,3
1324111456716148736,2293400131,1
1325161926498856961,1379019497781202950,2
1325352501135220737,1097754070570491906,1
1325352501135220737,1412287272,1
1325352501135220737,727468315732484096,1
1325356082156478464,809188392089092097,1
1325361370641076224,798709752,1
1325400929462611969,1325400929462611969,1
1325413308808237056,1261903370949996545,1
1325413308808237056,809188392089092097,1
1325825299431485440,1283118208753512448,1
1327547185181978624,4836442043,1
1327926318655295488,949004661851348993,2
1328824171,1731411590,1
1329141439343849474,1184035771919024128,1
1329447017328807943,36970167,1
1329893201080102912,1064876162017562624,1
1330075155733880846,1438859611398934533,1
1330075155733880846,2970233494,1
1330586952136089600,413455064,1
1330864275141832704,1398043400612548608,1
1332042645133209604,1166751822197002243,1
1332767750511587341,1422233939981307910,1
1333031578541449219,1302933742860861442,1
1333128694953615360,1410850938194178048,1
1334019487557890050,1274474936200048640,1
1334195751753277445,775279681213960192,1
1334295828,405534382,1
1334295828,709493693003272192,1
1335892394961739777,1040160799208161280,1
1336611877900660736,2435691,1
1338242130007961601,1338242130007961601,1
1338838453631508480,1102928046049423360,1
1338863676221100053,1338863676221100053,1
1338943457730187270,1115577386089754624,1
1339223270726438914,1212685418426011649,1
1339355066147467265,456663777,1
1339799020961722373,475275997,1
1339935426451259392,1257898714917715969,1
1341354243886886912,1133109169488318464,1
1341526292454404097,19245170,1
1342739645864534017,2834511,1
1343142442908999681,9204502,1
1343410735976763392,1227977723424976897,1
1343515498596757504,1405886484,2
1343515498596757504,47375691,1
1343515498596757504,822578462007447552,1
1343913723229057027,1115269629700710401,3
13442022,13442022,1
1345308254402981890,1260635069460426752,1
1345399499016036352,1281233186245263361,1
1345658170014896129,1163172849529610240,1
1347025623290667009,58172461,1
1347193695918034944,879133287037489153,1
1347606471350112259,1446811604486590466,1
1347716608421191686,1347716608421191686,1
1347716608421191686,1447485614899793921,1
1347716608421191686,145176775,1
1348333885885706240,1172949000644976641,1
1348589128343056385,214032204,1
1349139809420390406,1232291992316645380,1
1349437207539568641,8720562,1
1349656606506676224,1349656606506676224,1
1349727536092045313,1332751359632879624,1
1350092392192499712,1293900938072084480,1
1350366802438664193,1237736394585448449,1
1350847280014884869,1350847280014884869,1
1350881560627707906,9334352,1
1350986013708079104,1350986013708079104,1
1351063101270056960,1245309596547366912,1
1351063101270056960,1351063101270056960,1
1351124251290574853,752130147952758785,1
1351260860816252931,1351260860816252931,1
1351491875648262145,1378031924883693570,1
1351985241888534530,1101354170,1
1352188200006135808,5734902,1
1352908724986380288,1352908724986380288,2
1353050898197577728,789437296625979393,1
1353354702004609026,3198641920,1
1353388846965252096,3292982985,1
1354505877802377216,157687175,2
1354776959276998657,1422200096662466561,1
1354902409093541898,8720562,1
135503889,1055255910,1
1355064852692291587,5734902,1
1355603795363966983,1285538019597062147,1
1355940458724265994,1331573435248611330,1
1356752386266714118,1207696238088458240,1
1356889190265413632,1252542024299012097,1
1358402149701595138,514180172,1
1358405339792736260,1006596987507150848,1
1358405339792736260,1056545023511146496,1
1358405339792736260,1146725306071506944,1
1358405339792736260,1202182172108558339,1
1358405339792736260,1251041660643028992,1
1358405339792736260,1272828354727686144,1
1358405339792736260,1283363108862537729,1
1358405339792736260,1330896180482596865,1
1358405339792736260,1357403017801269248,1
1358405339792736260,1369268314015494147,1
1358405339792736260,1374411098149900299,1
1358405339792736260,1375540058829258760,1
1358405339792736260,1448547623581978624,1
1358405339792736260,1466401561383477255,1
1358405339792736260,789392217764827136,1
1358405339792736260,998597455053836288,1
1359399929362456576,3292982985,1
1359633952974262274,5462822,1
1359777873817706498,620221740,1
1359828364907995140,608377416,1
1359903196609736707,89947367,1
1360032399485259777,72346964,1
1360077878004748291,26458162,1
1360077878004748291,620221740,1
1360646962731745283,1077479182282752000,2
1360646962731745283,1355606963451797505,1
1360646962731745283,1368180743134928897,1
1360646962731745283,1426895950853857283,1
1360646962731745283,1612509121,1
1360646962731745283,263573005,1
1360646962731745283,312504234,1
1360646962731745283,472447110,1
1360663762643091459,1266080786425446401,1
1361644132788232198,282771328,1
1361787879484194822,1308309191866675200,1
1362489321031401479,932400956981043202,1
1363756956884828162,1282567738658033665,1
1363969493572149252,1283928515134595074,1
1364120558,825306344961998848,1
1365365545,1006227483866337281,1
1365371342279876608,1223010161515778056,1
1365800739101106180,1281005175826677761,1
1366134748784062465,3292982985,1
1366577318,165708897,1
1367150295571128327,1149050151618666498,1
1367613302717702146,1367613302717702146,1
1368247809888165889,1370015010840268801,1
1368544356353867776,1106890983655067651,1
1368607804446154759,94780119,1
1369342049087086594,1440864630,1
1369370325331349512,3400073345,1
1369586410395742210,1283819861303529472,1
1370863918864826375,1370863918864826375,1
1370863918864826375,75113916,1
1370864716059443202,787119942,1
1371186887352799232,1107326828,1
1371186887352799232,1276612080012050432,1
1371186887352799232,1423005912004968448,3
1371186887352799232,1480186879,1
1371186887352799232,159960428,1
1371186887352799232,2265460271,1
1371186887352799232,886727882772549632,1
1371186887352799232,922352743284658176,1
1371186887352799232,960473012,1
1371483536813928450,3091675462,1
1373030800594206725,945705304716644352,1
1373293126916395008,1010891024233914369,2
1373293126916395008,1429417705120075776,1
1373293126916395008,985236071054225408,1
1373492422072807425,1373676463648612357,1
1373958901255839745,1269608276213317632,1
1374687171991441420,2834511,1
1374945007245873169,1234128797320011777,1
1374945007245873169,1374945007245873169,1
1375028223386468355,17719390,1
1375726001100107777,1092361259054481413,1
1375849195144368131,1427541586859134978,1
1376198405316304906,1373676463648612357,1
1376631712843710467,1195463165636751360,1
1377269795968716804,1437910562286051331,1
1377269795968716804,1448347685140979719,1
1377269795968716804,2192753254,1
1377337261327581185,1129301934714888192,1
1377864338585829376,3063892271,1
1378323131509698566,806053245324034048,1
1378347570058162183,1454026298687377408,1
1379492556455735296,1257747673303732232,1
1379492556455735296,882363674928840704,1
1379881141042356226,757201864039493632,1
1380189500010287107,56672561,1
1380488671619649539,1380488671619649539,1
1380533549208588290,1238824564529995778,1
1380559774341824512,1401227783649509377,1
1380791543708188673,980516212059856901,1
1380819665669132290,5734902,1
1380819665669132290,844081278,1
1380819665669132290,9204502,1
1380819665669132290,951848353591152640,1
1381927889738813440,1255385682450751488,1
1382025886451519493,1462488898400047112,1
1382265499036356611,926411799381102592,1
1383708965486301187,1239846460096679936,1
1383776369381810187,2915818935,1
1383839547021094929,2231360407,1
1385935776450551812,48761686,1
1385936681417773059,1385936681417773059,1
1385986183092654082,1340360227800100867,1
1386015986344681475,1386015986344681475,1
1386316291817054209,318328678,1
1388058055422709761,1215727846976557057,1
1388064484548284417,405534382,1
1388064546473000963,1391118432754704389,1
138868048,3291242279,1
1388730495303917574,833380478916952064,1
1388957648272437249,753958456994959361,2
1389850038172590082,1119511088675086339,1
1390009755758907394,2272909014,1
1390371315568218126,540703773,1
1390629215901528066,94780119,1
1391014468432302091,2530028126,1
1391725039029006338,1450878823831117830,1
1392902529357340672,1404483984315322372,1
1392902529357340672,475912866,1
1392902529357340672,539376668,1
1393327300247228417,388763788,1
1393867989309693953,1007250148093779969,1
1393867989309693953,1324767524874059780,1
1394059056952791046,1345438626,1
1394425361572696068,21995719,1
1395604657385377797,330976924,1
1396093100045611020,1152821555866558465,1
1396713300847644675,1082186919814090752,1
1396751647959830530,935430272887214082,1
1397221413065568266,1010231964287332354,1
1397221413065568266,1361978435829178368,1
1397221413065568266,957154283002179584,1
1398043400612548608,1330864275141832704,1
1399324773239476224,995417016952606720,1
1399359710726348813,1243259466432249862,1
1399687250628288517,3568692616,1
1400031281090633728,1270475387030700032,1
1400431270296010752,1400431270296010752,1
1400431270296010752,1428493921102012417,1
1400502719044018179,2765750460,1
1401641545036673025,793778228,1
1401927845279109120,948226952292454401,1
1402287039840653316,1101354170,1
1402287039840653316,1342346699428212736,1
1402287039840653316,19709076,1
140386013,706536761279782912,1
1404126550820335616,989058160840278016,1
1404677283366019075,1267868663136366600,1
1404737097014067200,843468126255759360,1
1404876322367803392,811257151020736514,1
1405111721572904963,825306344961998848,1
1405788362536067072,1405788362536067072,1
1405788362536067072,15171407,1
1406334506316017665,8720562,1
1407130051548745731,1240268961566113794,1
1407463037938843655,1372247224122540032,1
1407463037938843655,16189050,1
1408322465332445185,1434894431241519106,1
1408322465332445185,170062616,1
1408749050,1425148428653375496,1
1409186594783956993,9334352,1
1409214558946967559,600411263,1
1409553009168748545,880848279529025537,1
1410242838747619335,1276612080012050432,1
1410306006677168140,1244845250830635009,1
1411246914771771392,1460526980319825923,1
1411272199852462080,1014233961189531648,1
1411431629600534528,2291630466,1
1411431629600534528,2834511,1
1412746623147458563,1132688391357837314,1
1413797718632321026,713361366858481664,1
1414088475926749187,756585799081136128,1
1414277119367069698,1371200108671422465,1
1414526746217566208,1276612080012050432,1
1415232868305997825,1039554192254427136,1
1415362663874535424,165708897,1
1415647959455256577,1013451035770327041,1
1415723324676653067,1242874834201325571,1
1415782394867732482,1396062279767142400,1
1416742777296244744,1281333007434092547,1
1417166054380408842,16525196,1
1417395154911125522,878575811250573312,1
1417425148051922944,2894379250,1
1418530436012199941,1291251938147930113,1
1420396359606325250,3063892271,1
1420767870103982082,620221740,1
1421234716187975680,1302933742860861442,1
1421601692878049285,90376380,1
1422160436175142919,3172870258,1
1422200096662466561,1354776959276998657,1
1422478117856292865,5734902,1
1423213520515174401,1424088266018541575,1
1423612183259357186,927897264651202560,1
1423689480,1007729353,1
1423923688295092227,16525196,1
1424232718397853698,233990587,1
1424232718397853698,43327142,1
1424982735228047366,787119942,1
1425110393677037569,28804762,1
1425119829854507008,1162289537269321728,1
1425472297620623367,1425472297620623367,1
1426105177212342290,19824617,1
1426179171278073857,1209808672743968768,1
1426565429112229891,1103391316464058369,1
1426940906171731978,1426940906171731978,1
1427339900437811204,938942950754652160,1
1427370137594773509,1312652681404731398,1
1427757856795865093,1257747673303732232,1
1427939494083366915,163482420,1
1428029558670909452,1005833251620052994,1
1428807983719403527,141987819,1
1429364661544263680,1227977723424976897,1
1429413546258018317,1435652253893996546,2
1429803156804935680,1264611664592343043,1
1429803156804935680,511790357,1
1430173556483272709,1430173556483272709,1
1430219639213133831,1303808419166552065,1
1430648770119847944,19802110,1
1430892641294581762,1440248080947761152,1
1431520485385375750,29180690,1
1431538817861890048,2577885723,1
1431558584119275521,1429543992505548804,1
1431879123291590662,1171329892547473408,1
1431879123291590662,1280533082282622976,1
1431879123291590662,968253778607603713,1
1431882576315224064,1431882576315224064,1
1431882576315224064,69066882,2
1432300431695400960,1215737471167877121,1
1432300431695400960,851879982406172672,1
1432335316795465728,1032204897066864640,1
1432335316795465728,1066341272531726336,1
1433016850393223169,602059648,1
1433026581879005185,778249551144771584,1
1433765624757510178,1726663268,1
1433765624757510178,58285254,1
1433765624757510178,586599726,1
1433795078728962070,1443230095112605702,1
1433881076447989760,988070577977126912,1
1434047993074888707,1132688391357837314,1
1434483404905619456,1387310132061683714,1
1434513868471033856,3292982985,1
1434513868471033856,752130147952758785,1
1434984408474337281,787119942,1
1435098508340699137,1053573722974625793,1
1435098508340699137,1293184714258358272,1
1435098508340699137,1435098508340699137,1
1435108670048714753,1238457189125292032,1
1435158485382094848,1425878506777546757,1
1435164737696849922,312504234,1
1435544853480419329,1452643569932570635,1
1435652253893996546,1429413546258018317,1
1435673928299655177,326650532,1
1436174831519682563,1238746097947901952,1
1436910205107908608,1257898714917715969,1
1436957263009357827,1365998909538115587,1
1437468177282260992,1257898714917715969,1
1437484828966981633,1446811604486590466,1
1437748925826482180,1073015944790925312,1
1437748925826482180,49985382,1
1438510122947407873,90524645,1
1438576491227402245,948885239107112960,1
1438648971887480833,1949194382,1
1438859611398934533,1427671922440032258,1
1438859611398934533,888676835097276416,1
1440333463534510093,1426101646556336128,1
1440652240931340298,114021187,1
1441112618702229510,707231479047315456,1
1441880702,1212360344363921409,1
1442886501847740420,156945116,1
1443329981506068484,1250099776051449856,1
1443517015935815681,1293586265225474048,1
1443846733864316938,1390466991035666432,1
1443941700456570880,281700760,1
1444226884062044163,1415203801,1
1444362272076406793,1283795441973370880,1
1444589964784721923,1465786947318779904,1
1445463378214805506,1445463378214805506,1
1445655642794913797,36027242,1
1446341849023660034,1446341849023660034,1
1446475155396571139,19709133,1
1448231360288759819,1083145344580571137,1
1448231360288759819,49274264,1
1448361262929399808,1448361262929399808,1
1448380945481015296,3292982985,1
1448667080220299272,1379492556455735296,1
1448750839133351941,841002777841143808,1
1449373099569336324,5734902,2
1449398150062645249,1101222204,1
1450459758234845194,39475170,1
1450778075222917120,879133287037489153,1
1450778966512525313,1263735188,1
1450778966512525313,2991788747,1
1450896067642462211,1428451969660772363,1
1450902872250621956,299650387,1
1451424884547104769,1499270040,1
1451631823134527501,811123127166140416,1
1451681731224997895,1087774901585563649,1
1452193174684905472,1464294272509820936,1
1452193174684905472,828319320224706561,1
1453360593340076044,1372916945268408323,1
1453418027479863301,1007127535,1
1453436785468579840,1142876274328780800,1
1454543686830804992,169554562,2
1454645958092988417,787119942,1
1455976680674168833,517443026,1
1456179146166579202,531678837,2
1456296419594285067,756569436384026625,1
1456908303330643969,1445086892672880640,1
1456924915957964800,1261706553041747968,1
1457390564308131844,1011608682977808384,1
1457390564308131844,787062973181337600,1
1457417183957594121,1457417183957594121,1
1457428470896680962,1442172254234693636,1
1457430328776269824,1457430328776269824,1
1457705902082076677,216148615,1
1457950541959544832,787119942,1
1458106582668124165,16130553,1
1458122678532026370,1343913723229057027,1
1458558524427014147,1436972853346328577,1
1458722383959891968,456663777,1
1459178764441722880,1461286003575083015,1
1459178764441722880,17976796,1
1459198048232517639,1272233013997338625,1
1459198048232517639,883158602,1
1459238113360945158,1242417251732664320,1
1459556478977773569,1374458746504572928,1
1459608945954369539,1352188200006135808,1
1459865532925198350,1203515531246080001,1
1459865532925198350,1385273832651509766,1
1460005078086127619,281984152,1
1460176204363972613,1346140707761901568,1
1460176204363972613,280569249,1
1460192838445154309,1404856125632176138,1
1460211403298643972,140034770,1
1460211403298643972,70685156,1
1460412895486005254,1422577028050608131,1
1460412895486005254,1466240126124703747,1
1460528486112710656,1398775652795437057,1
1460651127440121860,849006418984411136,1
1461089405943394306,28804762,1
1461101851760283653,45586617,1
1461664457868857349,1122183858244419584,1
1461844978980823045,280569249,1
1461999607781769216,1046468304880246784,1
1462421873216700416,1119333157344620544,1
1462482153082609672,1281926718329171968,1
1462533952514805765,1387759691401412612,1
1462828360988569612,1462828360988569612,1
1463186000851521541,878575811250573312,1
1463633296718536707,299650387,1
1463665169217769472,982588692,1
1463904546376331279,21102594,1
1463930715393998851,1089250424404758533,1
1463930715393998851,1276612080012050432,1
1463930715393998851,1330896180482596865,1
1463930715393998851,1356299130994388994,1
1463930715393998851,787649433097961472,1
1464259669770260484,1178974395479609344,1
1464271548307886080,999319921631858693,1
1464291510187442177,413455064,1
1464291510187442177,5734902,1
1464360345242411008,256973243,1
1464404715677138944,1377686680518463490,1
1464491884273934336,979419537807478784,1
1464509651584790529,8720562,1
1464520010790060038,29079848,1
1464613374227095553,1344355440105304065,1
1464671980045676556,1304387011999129602,1
1465936924456198146,1465936924456198146,1
1466047402910040070,1305901089552826369,1
1466289073300156416,1179139610124980236,1
1466289073300156416,1434802778677854210,1
1466381246410416131,1323691203532070912,1
1466492185289895937,978598087,1
1466798657198600198,1166751822197002243,1
1467220414371971079,1446811604486590466,1
1467386297014706177,19069018,1
1467419338835742724,976417451540967424,1
1467506970567577601,793778228,1
1467547060069150722,3292982985,1
1467587955812442116,825306344961998848,1
1467637925617754116,1192869355,1
1467638333115408387,405534382,1
1467776222029660160,267722784,1
1467879457251860481,33858697,1
1470463776,1470463776,1
147150622,62458253,1
1482179084,47602140,1
1484739320,1391144886120898565,1
149045221,3063892271,1
1496674561,260933846,1
15171407,1405788362536067072,1
1517815062,1949194382,1
15282188,8720562,1
15289075,893034580411916288,1
153445779,21102594,1
15354949,1133414846853263361,1
1543793040,1543793040,1
154615328,787119942,1
159601679,1395279440,1
160205758,1215737471167877121,1
1605644551,16294179,1
160637639,1300128256801337344,1
161603698,161603698,1
16185460,1349008270611111944,1
16185460,1458902321656643593,1
1621326002,8720562,1
162739259,359982860,1
16302365,752130147952758785,1
163207045,190342152,1
163601420,1707186018,1
1643046937,3043257501,1
16569660,16569660,1
165708897,1055463782,1
165708897,1101354170,1
165708897,1131657175032573953,1
165708897,1389946156910792704,1
165708897,1435121733820981250,2
165708897,1452989088336957448,2
165708897,153917742,1
165708897,2949485914,1
165708897,5734902,1
165708897,8720562,3
16647701,1422556286974152711,2
16805029,16805029,1
1689287426,2839404659,1
1699875560,1156262252443574272,1
170776388,139401845,1
1719905432,316015204,1
1720060106,3911292929,1
172800080,817723774376284160,1
17306732,1257747673303732232,1
1731411590,1328824171,1
173993755,223758384,1
174452274,258040492,1
17578069,425845268,1
177307973,1448172046928711680,1
178680931,1016294349578080256,1
178680931,916349666,1
18240552,1304445375433060355,1
18320467,787119942,1
183254514,825700652030558208,1
183576995,1242864067217444869,1
1842180229,3317092708,1
18431458,2674885612,1
185337590,3068271,1
18599752,18599752,2
1863023976,1863023976,1
18674758,787119942,1
1874106236,1364867124624306179,1
18861778,381126503,1
18870823,851094843547934720,1
1891505568,1425608085620641792,1
1891505568,215792952,1
190249177,2846910724,1
1908889189,1223976875959234572,1
1917143418,3342559336,1
1917143418,86494810,1
1921238492,1921238492,1
192188683,39475170,1
192188683,614810659,1
19235835,1212360344363921409,1
19235835,19235835,1
19235835,2881163261,1
19338648,1460874389017276416,1
19338648,881147777929158656,1
19402768,2259278233,1
194087541,703235349611483137,1
1960799797,1354917998046416896,1
19767619,9334352,1
19906191,1154106240588496899,1
19915082,2748626978,1
200614325,2147626655,1
200614325,912334605214261248,1
20095584,202740010,1
201463757,201463757,1
20179477,20179477,1
202555985,202555985,1
203001026,917526506,1
20364039,2165322493,1
20364797,1131300901,1
20702391,1391491964550385672,1
20702391,878896236018970624,1
208946387,120182884,1
210221609,1030806668140060672,1
210221609,1260115796858109952,1
211300604,966661502961889280,1
211328482,756569436384026625,1
21176738,180293789,1
21417602,3063892271,1
21477789,17152053,1
2164924909,29079848,1
216559556,359982860,1
2170454820,1103889187474878464,1
2181749881,2982379781,1
2184967129,38869025,1
21876537,359982860,1
2187973402,1335680242141323268,1
2193458110,1349332111048798208,1
219411890,55554468,1
22005660,22005660,1
22007609,815924039705366528,1
2206960189,1440645841920806926,1
2208720553,308668764,1
220991298,2435691,1
2210133737,19245170,1
2223228157,221508795,1
222514082,28521302,1
222865448,222865448,1
2229014627,2881902909,1
223397137,1446811604486590466,1
2239976416,3068271,1
2245260053,1154504160206872590,1
2245427502,1176439463569960960,1
225120727,82541489,1
226737036,1420813046474231814,1
2270252634,1004394646024409089,1
2270252634,1016294349578080256,1
2270252634,1027905630,1
2270252634,1053949113916624899,1
2270252634,1093805677045268480,1
2270252634,1102928046049423360,1
2270252634,1117090286931456002,1
2270252634,1131187974652203008,1
2270252634,1140593706120208385,1
2270252634,1158653651361161216,1
2270252634,1185108027994714112,1
2270252634,1204449389491736576,1
2270252634,1249465483432087552,1
2270252634,1257898714917715969,1
2270252634,1261183172533985281,1
2270252634,1297450011689705472,1
2270252634,1329376763252776960,1
2270252634,1344212974400118786,1
2270252634,1347587463347367936,1
2270252634,1351177387069894656,1
2270252634,1380507205867335680,1
2270252634,1401523241047539715,1
2270252634,1417414352999796743,1
2270252634,1432619713457233921,1
2270252634,1451400110731055104,1
2270252634,185688074,1
2270252634,18722806,1
2270252634,223022053,1
2270252634,2293097778,1
2270252634,247349524,1
2270252634,2932702731,1
2270252634,303234771,1
2270252634,316488595,1
2270252634,3306932129,1
2270252634,41121036,1
2270252634,415033269,1
2270252634,433607851,1
2270252634,473896747,1
2270252634,483937311,1
2270252634,58285254,1
2270252634,715977592,1
2270252634,734467133300707329,2
2270252634,736997777192914945,1
2270252634,769690082,1
2270252634,804410408022851584,1
2270252634,878575811250573312,1
2270252634,914421454975926272,1
2270252634,941380912138289152,1
2270252634,949573878,1
2270252634,969564320,1
2270252634,988070577977126912,1
227437070,471258123,1
2276069371,1314477399694868481,1
228148158,9334352,1
2285705570,1231609349090443265,1
2287063494,1006568771581038593,1
229106593,1308854099396513795,1
229594193,229594193,1
229802944,1257898714917715969,1
230791871,1213096662626779136,1
23079265,12210492,1
2308454519,416529829,1
2308795128,274480834,1
2331735295,1077687680027291648,1
2334805519,2334805519,1
2335007244,3407119120,1
2337112261,1235682273783091205,1
233990587,36713389,1
23436708,39522014,1
2344896420,1215727846976557057,2
2349102894,19223962,1
23500413,852629023,1
2350585874,3292982985,1
2358808194,3063892271,1
235921307,1333128694953615360,1
2360477758,756569436384026625,1
2367548111,1509880232,1
2370996050,1365998909538115587,1
23830200,5734902,1
23831095,1258139782317826050,1
2387550067,1191071718846140416,1
2387550067,1315233482600312832,1
239281743,239281743,1
239970151,437393851,1
2407022756,1214265479793000448,1
2407022756,1324281927139053568,1
2407022756,1466315599483707394,1
241027377,1055255910,1
241027377,1432045519426236416,1
2414539170,2414539170,1
24150450,1318903836094980096,1
2416305980,19609062,1
2428765073,2965600371,1
2445268670,1421033116949491713,1
24506355,3226194951,1
24521220,1181327506080780288,1
245736312,1132688391357837314,1
2463334914,1006227483866337281,1
2469989804,1167696859542016000,1
2470575291,413455064,1
2470575291,614884262,1
247266715,4874939135,1
2484957951,1464054907120627720,1
2485350541,1361255629986398209,1
2512242560,47375691,1
251534704,1368987280015261702,1
25283963,1413840992986349570,1
2530257098,2530257098,1
25362530,1257898714917715969,1
254945351,9204502,1
258040492,1419935165380444160,1
258040492,905304100019081217,1
25813736,1240366826720235523,1
25813736,173397638,1
25813736,711865509290119168,1
2583724430,280998314,1
260654226,2932702731,1
2609704049,3091675462,1
261190000,735448122005041152,1
2613263442,1331503239645245441,1
2613263442,1361978435829178368,1
2634283347,324992991,1
265350320,265350320,1
265350320,3047842132,1
2674588069,2674588069,1
2674823217,2674823217,2
267665122,267665122,1
2677195254,2677195254,1
2683366525,1231318521075978241,1
2683366525,1340252317057216513,1
2683366525,1370289909400023043,2
2683366525,2944585210,1
2683366525,785411999664668672,1
268494878,819154645977272320,1
2685937381,1324066430,1
2685937381,1349332111048798208,1
2685937381,201640221,1
2685937381,2685937381,1
269137620,1214711148114784257,1
2695374849,28741133,1
2695409149,818532012327890944,1
2725269305,1949194382,1
2729039313,19709133,1
2732642200,1084431073310900225,1
2744887795,1233110268156227589,1
27547403,406955423,1
276174825,17306732,1
27620273,1235682273783091205,1
27620273,433607851,1
2767156510,602059648,1
277401536,1001580696077467649,1
277430344,1316059083145908226,1
2776257645,2776257645,1
278477637,2785317370,1
2786300723,926411799381102592,1
279105896,760378068930363392,1
279281176,705064066885271552,1
2804920027,9540112,1
280990718,1281005175826677761,1
2814275301,1222137458,1
281727794,1225376281157611527,1
281727794,399900593,1
2824726631,1257898714917715969,1
2825023162,1395396906210185220,1
2825049264,360823744,1
28305973,14700783,1
2831832341,1189660560343863300,1
2831832341,1227977723424976897,1
283205348,1433427278441025539,1
2834900164,959872400757284864,1
2844827106,1452733870013657088,1
2844827106,223758384,1
2844827106,856146055372697601,1
2844827106,92713304,1
2850639414,56672561,1
285268093,285268093,1
28572720,1232950329483898881,1
2858812331,393264968,1
285981587,1462554936059826181,1
2861638713,756569436384026625,1
2862276095,1307374279391088640,1
286363663,1446341849023660034,1
2868669795,1257898714917715969,1
2870246390,1397804838,1
2879949779,359982860,2
28804762,952872040842891265,1
28808915,1324490281136365574,1
28808915,1351980006310883329,1
28808915,1385782324038668291,1
28808915,1390117772676550657,1
28808915,394167570,1
28808915,48405553,1
2881643880,1101354170,1
2881902909,2949072563,1
2902165265,2272909014,1
2903666907,1091090017311748096,1
2904370071,19232587,1
29082973,1949194382,1
2915818935,1383776369381810187,2
2915818935,1385936681417773059,1
2918457430,851409474841710592,1
2922741959,1438952444940128256,1
2949668459,2949668459,1
2955502378,752130147952758785,1
2958549064,809806959796948992,1
2961005897,1301079241837228032,1
2961005897,9595022,1
2969981662,1355606963451797505,1
2979051855,1245294628745682944,1
298635854,1340451520991662082,1
299242162,732408858,1
2994833913,2994833913,1
3000978262,1084431073310900225,1
3000978262,1105143550042431490,1
3000978262,1165536446419296257,1
3000978262,1165660833202036736,1
3000978262,1215737471167877121,1
3000978262,1218511027496718336,1
3000978262,1290395556087508994,1
3000978262,1352351738347577346,1
3000978262,1412287272,1
3000978262,1419657850163535877,1
3000978262,1466401561383477255,1
3000978262,1895216569,1
3000978262,2839656970,1
3000978262,2885573171,1
3000978262,2932702731,1
3000978262,379285165,1
3000978262,472447110,1
3000978262,5734902,1
3000978262,62458253,1
3000978262,713298286170488832,1
3000978262,825306344961998848,1
3000978262,887233286434684929,1
3000978262,9204502,2
3000978262,955284692227543040,1
300390038,1347716608421191686,1
3004299227,876738818623365120,1
3011865479,3995565863,1
3019759383,976883905344299008,1
3030498681,3030498681,1
3033236321,3292982985,1
3034147900,1230381180643684354,1
3034147900,1346941167129210888,1
30509349,919549446731583489,1
3054307619,1467464244207792131,1
3054307619,1467587955812442116,1
3054307619,2830165417,1
3057571876,1365998909538115587,1
3063735478,787119942,1
3063892271,1223222502454853633,1
3063892271,3063892271,1
3063892271,752130147952758785,1
3064389376,47630282,1
307510367,1124078930686820356,1
3083343255,793778228,1
310775933,9204502,1
31098409,1190613284464013313,1
31098409,960479672017539072,1
3131274983,1568421330,1
314655456,41391945,1
315958565,499208460,1
3160372462,783171883,1
316474331,117788351,1
318328678,858745732886605825,1
319013093,879133287037489153,1
3200646734,1290652703564206083,1
320129807,2974710532,1
3207848001,1226605200158400512,1
3207861899,865976277647466496,1
3221694099,1211776923505840128,1
3221694099,5462822,1
32369716,32369716,1
3247529740,825700652030558208,1
32620610,1392892013956239360,1
3262307932,732408858,1
3264813706,1292967458853343232,2
32677335,1016406860411424771,1
32677335,32677335,1
32677335,854283707439616000,1
327926451,1213890496201805827,1
327926451,327926451,1
3280044682,948226952292454401,1
32849722,46943255,1
32849722,990242146174332928,1
3292821849,1017056547237658624,1
3299671479,99718385,1
3304453217,183850012,1
3306903346,3306903346,1
3318774389,1130878300551827463,1
3318774389,1149361509052690434,1
3318774389,38150247,3
3318774389,5734902,1
3318774389,819481318224523264,1
3332365870,393264968,1
3344339987,28251658,1
3359344643,1187095128390934529,1
3360013438,1205879590822010880,1
336995139,1453436785468579840,1
337001179,359982860,1
3402919385,1415232868305997825,1
3407119120,2335007244,1
3407296589,55554468,1
341432926,945979351291621377,1
3427951089,3063892271,1
3428237213,1097942107015254021,1
34302591,475790423,1
34302591,738368253425287169,1
3431545329,1379869545335291908,1
3439789780,84816710,1
345924880,29079848,1
3545829137,2848193505,1
3568692616,1385504779376504834,1
358252243,3292982985,1
3597315495,3597315495,1
360693361,1250280641238724608,1
3613555641,157981564,1
3624597017,881830922252947456,1
362993679,1071032837275561984,1
3632067017,1461432939506552835,1
363697442,1580256270,1
364342002,1324052754545987585,1
365523475,365523475,1
366236052,78352829,1
36654572,1282898804,1
36794888,36794888,1
37216145,1417128986736484355,1
373939000,420204289,1
3742320437,998942678732689414,1
3776000483,698303244947345408,1
3833851875,1057306785709731840,1
384473396,838038358819540994,1
385408616,921710425800085504,1
3862962088,5734902,1
3883225696,806053245324034048,1
3889677155,21346352,1
389565429,1137850190180823040,1
389565429,1325194882193924099,1
389565429,2491731514,1
389565429,404377878,1
390793248,56672561,1
3961296645,866191304623104000,1
3969351,3969351,1
397811036,3240733637,1
3994171155,994330840829255680,1
39992557,15040697,1
400413662,1234060130574049281,1
402577347,402577347,1
4048469009,1326614996638371843,1
405062939,281984152,1
408280989,395873726,1
40847948,40847948,1
408782352,29079848,1
410315994,1281005175826677761,1
4107217414,819481318224523264,1
41373062,1004425690912092161,2
41391945,1246507055009144837,1
416457347,1412287272,1
4170056729,20694291,1
4171535921,1234150606518063105,1
41762473,1290285135804465153,1
418216084,1105894085108350977,1
418216084,1318956809466556416,1
418216084,1445086892672880640,1
4186172537,1332751359632879624,1
4186944707,1450390389421137922,1
4186944707,926221848,1
418895156,1453385225346637832,1
420204289,128585642,1
420204289,2765750460,1
420204289,777534969509912576,1
4228324474,721804534574641152,1
4245902595,1139480068428828673,1
4288968153,1365290206199484417,1
4289281538,493022442,1
42895605,2561586612,1
4343219315,18047862,1
43948098,1409186594783956993,1
443478371,156945116,1
446302802,3292982985,1
450016813,970348627,1
451022494,752238694258634754,1
454932645,1078611325134295041,1
45528034,1365998909538115587,1
460167734,1131070519904808960,1
46049887,1327910426819047428,1
464135750,464135750,1
4647539961,4647539961,1
4665273807,183738080,1
469423994,1380057549563686913,1
46979679,29180690,1
47074699,1706810652,2
4719352521,1083145344580571137,1
472447110,1360646962731745283,1
4737720743,1273621978331701249,1
475790423,1238522682553098242,1
479404056,778784629,1
4797380067,149441850,1
480004461,1949194382,1
480302240,480302240,1
480346840,475275997,1
482571267,432422185,1
48289827,1301108148951023616,1
48289827,1432038154916216833,1
48289827,1895216569,1
4838073412,1092302848946331650,1
4838396908,3292982985,1
485659996,485659996,1
485876309,453810283,1
4866706432,1373191871879639040,1
4866884224,86920414,1
4900758213,1302697044486828032,1
4905727210,3407623283,1
493146582,756569436384026625,1
493423964,910544390208262144,1
497067316,721804534574641152,1
498646830,707231479047315456,1
498733317,1309738484,1
49918153,1429413546258018317,1
49927754,19232587,1
50120182,47943323,1
50982749,1638083226,1
510510852,1248489558817136643,1
510510852,5734902,1
51395734,58172461,1
51591472,2478349112,1
517443026,29079848,1
523103804,1304683237126664193,2
524736485,353596593,1
526471319,1465415731487678466,1
52650529,24363209,1
527672947,787649433097961472,1
527768332,1007179644825726976,1
52897525,2529889165,1
53007310,955284692227543040,1
53050623,1158653651361161216,1
53052568,102911449,1
532912995,1885447950,1
532912995,406182979,1
536284942,536284942,1
5378432,1450390389421137922,1
5378432,250588269,1
541750210,28804762,1
543658996,543658996,1
544188354,544188354,1
545270844,602538975,1
54611060,19245170,1
54611060,4201110910,1
54846683,255352748,1
549133027,1122752328723988480,1
551151300,756569436384026625,1
555957266,555957266,1
556606300,19609062,1
557253118,557253118,1
56128302,701076668035833856,1
56129480,1259920667253800962,2
56129480,1374767320149680131,1
56129480,1433347921844580353,1
56129480,16485304,1
56129480,2417411672,1
56129480,815668782152712192,1
56362885,3342884429,1
56530362,1184682247506612225,1
572962260,879240896373555200,1
572962260,977889557244010498,2
578174608,76908623,2
579675979,395873726,1
58474762,1121033637934325760,1
58474762,1227977723424976897,1
58474762,1365998909538115587,1
586579734,415831976,1
591313419,364850815,1
593720138,1427407410923249672,6
593720138,593720138,1
596211377,1266108455271763975,1
598400081,598400081,1
598699063,19609062,1
60289472,60289472,1
605763663,918346004,1
612718182,1381149657707995136,1
616309664,122104353,1
621099366,1371553535909855238,1
62331659,122104353,1
625339708,109529448,1
626295205,4621597216,1
628725975,1215184831757328384,1
63924392,40441228,1
64734554,64734554,1
65005775,9204502,1
66106839,66106839,1
66288106,997423099619561472,1
6663402,98933435,1
66768703,2530028126,1
68498298,123583725,1
68498298,75522383,1
68716498,68716498,1
68757774,63738086,1
68757774,730360237,1
68757774,96738822,1
697056657889759232,56672561,1
69840262,834822247932166145,1
700018748598677505,2272909014,1
700748844405927936,1322512166679912448,1
70139830,1949194382,1
702746043264454656,1026082755573161985,1
704431266,939081163020427265,1
704618012436000768,269431680,1
706658160,1257747673303732232,1
706829681757134848,108389947,1
70698817,1136685624172396544,1
708972032990552065,2944585210,1
70920540,825306344961998848,1
709415928409231360,1367150295571128327,1
709415928409231360,16185460,1
709433267297107968,1949194382,1
712001696080269313,1683151988,1
712221515153018881,1213609050023137280,1
712264496,2364159092,1
712292779137888256,4033189133,1
713792702811344896,756569436384026625,1
715995120,223022053,1
716188995944898560,1131300901,1
71620558,1256691912,1
71649699,825400026419576832,1
716649592834691074,859101343356772353,1
717014442748354564,24363209,1
718530848,879133287037489153,1
719079898023911425,819307727067480068,1
719225166228811776,1379067857636573193,1
719619456599728128,1340805345334202375,1
721255905652813824,19802110,1
721255905652813824,281700760,1
721631565839732737,1175078609482067974,1
721707607,228137272,1
721740925198811137,721740925198811137,1
721804534574641152,497067316,1
72257321,1153995212097761281,1
723487404879912960,405534382,1
725772033263570945,949406450249617409,1
72581281,392210177,1
73053161,1461089405943394306,1
73053161,404377878,1
731124442525519872,2190337372,1
732408858,732408858,1
733367848807059456,1395604657385377797,1
733577381546364929,826345244178468865,1
73479686,281727794,1
735446635,14613514,1
736598507843375104,3624861441,1
736640357560115200,299650387,1
737907732351750144,1452012735307395073,1
740060101,740060101,1
740483603403005953,850367182005559297,1
741933082152992768,741933082152992768,1
742796076093198341,742796076093198341,1
74418159,484393654,1
745307744790515712,3025098076,1
747401912211881984,4829033644,1
752608878576201729,1385936681417773059,2
752608878576201729,1464270674374107141,1
753958456994959361,1388957648272437249,1
754264523062796288,1004310316208017408,1
756590776264654848,1212360344363921409,1
756847709173194753,3292982985,1
756881814862569472,117113707,1
756881814862569472,1175078609482067974,1
756881814862569472,96000129,1
757201864039493632,1379881141042356226,1
757201864039493632,1895216569,1
757471733695807488,4008070679,1
757978966758191104,2946361726,1
758285679939944448,465541034,1
760378068930363392,1107742918952083462,2
760378068930363392,1155606919480000512,2
760378068930363392,1232101877724196870,1
760378068930363392,1455264345173200907,1
760798115066773504,460167734,1
760881621113397248,38834998,1
761230549621084160,1410638307210543104,1
766024985060212736,766024985060212736,1
76635553,1384600684201349122,1
76908623,1456340695627751430,1
76908623,578174608,1
769455,769455,1
771723387592990721,149441850,1
772833423287259136,1144894697451790342,1
772833423287259136,1309441830287794177,1
772833423287259136,2839656970,1
772833423287259136,809188392089092097,1
773940,14071833,1
777377007415984129,875527567,1
778730370,778730370,1
778784629,776299446,1
778854489440849920,395873726,1
780422414857535492,2764750474,1
782373558831943680,1181327506080780288,1
782373558831943680,787649433097961472,1
784333753,3169531816,1
785295912,113792616,2
787649433097961472,787649433097961472,1
789036338,1372940780298498050,1
789720378,1356215020280045570,1
790903321095790592,1447204240234057734,1
791204911753097216,1228725567832363008,1
791204911753097216,1351260074115813381,1
791300798781227008,242006393,1
792348170848243713,1212360344363921409,1
794506515348672512,831988951191793664,1
795628212919406592,47375691,1
79998422,1266836912519684103,1
800023703962652672,1949194382,1
80039777,1898439025,1
801476435277971456,753683379413979136,4
801712790272638976,3063892271,1
802625526359879682,1158653651361161216,1
802625526359879682,3230322004,1
802852196,802852196,1
805512682828955648,1375104484737740805,1
807165397283770368,2491731514,1
807198445434007552,3292982985,1
808956999442558976,1443896663228227592,1
809099090562875392,1239223560566079489,1
809659289421959169,809659289421959169,1
811123127166140416,1257747673303732232,1
811155613719924736,756569436384026625,1
813472913743605760,25562662,1
813796498399969280,813796498399969280,2
81388893,4228270040,1
814938344,2846910724,1
815241883626520577,712536632377876481,1
815924039705366528,22007609,1
816622305501728769,816622305501728769,1
816760135301349380,946685112565030912,1
817665990066655232,1237284533160075264,1
817938688407699456,817938688407699456,1
818075462,3292982985,1
818094095088386053,1431538817861890048,1
818099307987566593,15653014,1
818209902380412931,948226952292454401,1
818499260320714756,1412287272,1
818499260320714756,2839656970,1
818499260320714756,3063892271,1
820187768,975486086137991168,1
822200898545995776,738368253425287169,1
823077318767890433,1178135997944619010,1
823131631254962176,1319768206647742464,1
823175703659237376,456663777,1
823830558094622720,419071151,1
824365044209221633,2613263442,1
82448770,135622725,1
824760149269168130,3292982985,1
82541489,1000382669635706882,1
826537906902794240,1433445089259425797,1
827085174265565184,1426994736812990476,1
827085174265565184,1463111384808374278,1
827532876228997120,1400705294028742656,1
827876941160136704,756569436384026625,1
83090269,1238892997535825920,1
831445402901676033,865451715734028289,1
832843230379200512,223758384,1
832843230379200512,90524645,1
833608400126746624,1334231268536561664,1
836133704053444608,2223698491,1
837308054,1371073322906177537,1
838012662806097920,918187178135605248,1
838334196481462273,908771716297576454,1
841002777841143808,787119942,1
841578404914843648,508526457,1
841919378560032769,3247529740,1
843056858604691456,3292982985,1
844846358561353728,2789904301,1
844986996594540546,844986996594540546,1
847836128275292160,2613263442,1
84816710,528884255,1
851409474841710592,2918457430,1
852629023,23500413,1
854966514201616386,1227977723424976897,1
856117542804496384,1394984429387501571,2
856117542804496384,787119942,1
856189893332094976,1303059166798516225,1
85817076,18959924,1
860832242159022081,1132688391357837314,1
863487960414650368,1142069767446118400,1
86494810,1143896220655607808,1
866032663,14412710,1
867050044956004354,8720562,1
867654554858422273,1298688099829022723,1
868195956742905857,2693038383,1
86926158,752130147952758785,1
86942656,8720562,1
870354434,236412458,1
870606581091663877,1453436785468579840,1
870664174799650816,320301062,1
871477212,3063892271,1
87186946,1234060130574049281,1
873243226949419010,1344119389965180934,1
874248596,874248596,1
875271962,875271962,1
878667213061988353,2834511,1
882201409902587904,975680493957140480,1
884095964730019841,1394597420806426624,1
884868485389660162,756569436384026625,1
885319674,1269029935,1
887012075079380992,1298956975758356480,1
887012075079380992,887012075079380992,1
887854369,29079848,1
891960554407022592,2585450642,1
892834211404623874,1291370559058706438,1
895814938995957760,346525868,1
896473563686981632,756569436384026625,1
897003572612788224,334245872,1
897013791036231681,1006227483866337281,1
90062154,3347600212,1
901755595207970818,17043920,1
902400206540607488,564852155,1
902997622906130435,902997622906130435,1
907173288610328576,1434854384115101698,1
908347918037504001,14198663,1
908983092412665856,33171808,1
910225556758827009,3179990032,1
911161453,948226952292454401,1
911983260951031808,19962363,1
912357270616502273,3184312967,1
912817071075086336,912817071075086336,2
913117667724337153,3091675462,1
914193962285576193,1120571928459268097,1
914193962285576193,1365998909538115587,1
916201117012385792,916201117012385792,1
918738635763142656,489222890,1
920239781333827585,1253843604088512513,1
9208812,2946361726,1
921510055,3063892271,1
921632886,1289509692,1
92391304,1110218554429849600,1
924664737878740993,1459198048232517639,1
924664737878740993,21111724,1
926451268046000128,930002746320801792,1
927232180199346181,2291391491,1
927248356467970049,1267323662492938246,1
928639893068238850,928639893068238850,1
928789043785199616,86711514,1
93002957,1132688391357837314,1
931076180886908928,1340288438185148425,1
931477381,713982244583579648,2
931488343149436928,1446811604486590466,1
932887283174395904,1419279525028974592,1
932887283174395904,484585405,1
933121679559221249,37930051,1
933694617698041856,3170991,1
934847373238521856,42709679,1
937014136038404096,787119942,1
93850375,210788662,1
93850375,2271757584,1
938803867,938803867,1
939008621182033920,2910115665,1
94140784,9204502,1
941767558272864256,941767558272864256,1
944984783783911424,944984783783911424,1
947554677192871939,156945116,1
94780119,1390629215901528066,1
94837280,2359263472,1
948465814734241792,1440675123866963972,1
948943344,17152053,1
950804175214071808,247222032,1
951051508321345536,811903454469910528,1
951175648634200064,1430857532965363712,1
951917551034003456,951917551034003456,1
951931635422949378,1236956708708253696,1
952872040842891265,28804762,1
954989529760456704,1428289621000085505,1
955944365893005313,948610765,1
95714876,95714876,1
95714876,985787816956264450,1
957686254145073152,136208168,1
959434624085700608,213163396,1
96010462,3292982985,1
960479672017539072,246009917,3
960479672017539072,31098409,1
960925132054319105,1464054907120627720,1
965518429842178048,1466743041469865984,1
968718444,1949194382,1
969543394900041728,1277939247656439808,1
969653925237411840,574373659,1
972015755398139905,119912193,1
973577651167297536,300406953,1
974204055592595456,1323199933617475585,1
975332312031297536,1714980492,1
975978982716813312,149441850,1
976090796792385537,1160915273337253890,1
976883905344299008,1178952672440934400,1
977889557244010498,572962260,1
980516212059856901,980516212059856901,1
981157218,1212360344363921409,1
981257255634038787,2250114852,1
982128373,1035543057545015296,1
982128373,982128373,1
982622527628414976,26458162,1
982654010732802048,733927488066293761,1
982665878432026624,21030699,1
982886683682201600,988952070,1
983420795778105345,19802110,1
983420795778105345,3617349203,1
983420795778105345,787119942,1
983502019,1949194382,1
984057769786568704,1133248139262070785,1
984590668306804737,26203977,1
985236071054225408,1373293126916395008,1
987270518578479105,1103239140651515905,1
987296880894803968,14512645,1
987933096690507776,906989142453706755,1
9880632,22470711,1
988339394015907841,1136621331913543682,1
988463381471481857,1358367490120818692,1
98846762,40919888,1
989058160840278016,2748626978,1
990912217,330976924,1
992064586923855872,2834511,1
993855427359268864,1220423012081721350,1
994217535238295553,1303783097637449728,1
995386819209461762,1223976875959234572,1
99779252,21751985,1
999319921631858693,114508061,1
99959552,122460863,1
